"ID","Name","LongName","Parent","Component","Path","Line","Column","EndLine","EndColumn","CC","CCL","CCO","CD","CI","CLC","CLLC","CLOC","DLOC","LDC","LLDC","LLOC","LOC","McCC","NII","NL","NLE","NOI","NOS","NUMPAR","TCD","TCLOC","TLLOC","TLOC","TNOS","WarningBlocker","WarningCritical","WarningInfo","WarningMajor","WarningMinor","Anti Pattern","Clone Metric Rules","Complexity Metric Rules","Coupling Metric Rules","Documentation Metric Rules","Size Metric Rules"
"L115","Main","Build.Main()int","L104","L103","D:\DataCollection\repos\wieslawsoltes_ColorPicker\build\build\Build.cs","13","5","13","64","0","0","0","0","0","0","0","0","0","0","0","1","1","1","0","0","0","0","0","0","0","0","1","1","0","0","0","0","0","0","0","0","0","0","0","0"
"L127","get_Configuration","Build.Configuration.getstring","L104","L103","D:\DataCollection\repos\wieslawsoltes_ColorPicker\build\build\Build.cs","22","35","22","39","0","0","0","0","0","0","0","0","0","0","0","1","1","1","0","0","0","0","0","0","0","0","1","1","0","0","0","0","0","0","0","0","0","0","0","0"
"L133","set_Configuration","Build.Configuration.setvoid","L104","L103","D:\DataCollection\repos\wieslawsoltes_ColorPicker\build\build\Build.cs","22","40","22","44","0","0","0","0","0","0","0","0","0","0","0","1","1","1","0","0","0","0","0","1","0","0","1","1","0","0","0","0","0","0","0","0","0","0","0","0"
"L138","get_VersionSuffix","Build.VersionSuffix.getstring","L104","L103","D:\DataCollection\repos\wieslawsoltes_ColorPicker\build\build\Build.cs","25","35","25","39","0","0","0","0","0","0","0","0","0","0","0","1","1","1","0","0","0","0","0","0","0","0","1","1","0","0","0","0","0","0","0","0","0","0","0","0"
"L141","set_VersionSuffix","Build.VersionSuffix.setvoid","L104","L103","D:\DataCollection\repos\wieslawsoltes_ColorPicker\build\build\Build.cs","25","40","25","44","0","0","0","0","0","0","0","0","0","0","0","1","1","1","0","0","0","0","0","1","0","0","1","1","0","0","0","0","0","0","0","0","0","0","0","0"
"L143","get_PublishFramework","Build.PublishFramework.getstring","L104","L103","D:\DataCollection\repos\wieslawsoltes_ColorPicker\build\build\Build.cs","28","38","28","42","0","0","0","0","0","0","0","0","0","0","0","1","1","1","0","0","0","0","0","0","0","0","1","1","0","0","0","0","0","0","0","0","0","0","0","0"
"L146","set_PublishFramework","Build.PublishFramework.setvoid","L104","L103","D:\DataCollection\repos\wieslawsoltes_ColorPicker\build\build\Build.cs","28","43","28","47","0","0","0","0","0","0","0","0","0","0","0","1","1","1","0","0","0","0","0","1","0","0","1","1","0","0","0","0","0","0","0","0","0","0","0","0"
"L148","get_PublishRuntime","Build.PublishRuntime.getstring","L104","L103","D:\DataCollection\repos\wieslawsoltes_ColorPicker\build\build\Build.cs","31","36","31","40","0","0","0","0","0","0","0","0","0","0","0","1","1","1","0","0","0","0","0","0","0","0","1","1","0","0","0","0","0","0","0","0","0","0","0","0"
"L151","set_PublishRuntime","Build.PublishRuntime.setvoid","L104","L103","D:\DataCollection\repos\wieslawsoltes_ColorPicker\build\build\Build.cs","31","41","31","45","0","0","0","0","0","0","0","0","0","0","0","1","1","1","0","0","0","0","0","1","0","0","1","1","0","0","0","0","0","0","0","0","0","0","0","0"
"L153","get_PublishProject","Build.PublishProject.getstring","L104","L103","D:\DataCollection\repos\wieslawsoltes_ColorPicker\build\build\Build.cs","34","36","34","40","0","0","0","0","0","0","0","0","0","0","0","1","1","1","0","0","0","0","0","0","0","0","1","1","0","0","0","0","0","0","0","0","0","0","0","0"
"L156","set_PublishProject","Build.PublishProject.setvoid","L104","L103","D:\DataCollection\repos\wieslawsoltes_ColorPicker\build\build\Build.cs","34","41","34","45","0","0","0","0","0","0","0","0","0","0","0","1","1","1","0","0","0","0","0","1","0","0","1","1","0","0","0","0","0","0","0","0","0","0","0","0"
"L158","get_PublishSelfContained","Build.PublishSelfContained.getbool","L104","L103","D:\DataCollection\repos\wieslawsoltes_ColorPicker\build\build\Build.cs","37","40","37","44","0","0","0","0","0","0","0","0","0","0","0","1","1","1","0","0","0","0","0","0","0","0","1","1","0","0","0","0","0","0","0","0","0","0","0","0"
"L164","set_PublishSelfContained","Build.PublishSelfContained.setvoid","L104","L103","D:\DataCollection\repos\wieslawsoltes_ColorPicker\build\build\Build.cs","37","45","37","49","0","0","0","0","0","0","0","0","0","0","0","1","1","1","0","0","0","0","0","1","0","0","1","1","0","0","0","0","0","0","0","0","0","0","0","0"
"L166","OnBuildInitialized","Build.OnBuildInitialized()void","L104","L103","D:\DataCollection\repos\wieslawsoltes_ColorPicker\build\build\Build.cs","45","5","49","6","0","0","0","0","0","0","0","0","0","0","0","5","5","3","0","0","0","4","2","0","0","0","5","5","2","0","0","0","0","0","0","0","0","0","0","0"
"L171","DeleteDirectories","Build.DeleteDirectories(IReadOnlyCollection<string>)void","L104","L103","D:\DataCollection\repos\wieslawsoltes_ColorPicker\build\build\Build.cs","51","5","57","6","0","0","0","0","0","0","0","0","0","0","0","7","7","2","0","0","0","0","2","1","0","0","7","7","2","0","0","0","0","0","0","0","0","0","0","0"
"L1170","Initialize","ColorPickerDemo.App.Initialize()void","L1166","L1157","D:\DataCollection\repos\wieslawsoltes_ColorPicker\samples\ColorPickerDemo\App.axaml.cs","9","5","12","6","0","0","0","0","0","0","0","0","0","0","0","4","4","1","0","0","0","0","1","0","0","0","4","4","1","0","0","0","0","0","0","0","0","0","0","0"
"L1171","OnFrameworkInitializationCompleted","ColorPickerDemo.App.OnFrameworkInitializationCompleted()void","L1166","L1157","D:\DataCollection\repos\wieslawsoltes_ColorPicker\samples\ColorPickerDemo\App.axaml.cs","14","5","22","6","0","0","0","0","0","0","0","0","0","0","0","8","9","2","0","0","0","1","3","0","0","0","8","9","3","0","0","0","0","0","0","0","0","0","0","0"
"L1181","Convert","ColorPickerDemo.HexToColorConverter.Convert(object?, Type, object?, CultureInfo)object?","L1177","L1157","D:\DataCollection\repos\wieslawsoltes_ColorPicker\samples\ColorPickerDemo\HexToColorConverter.cs","13","5","30","6","0","0","0","0","0","0","0","0","0","0","0","18","18","6","0","0","0","0","6","4","0","0","18","18","6","0","0","0","0","0","0","0","0","0","0","0"
"L1186","ConvertBack","ColorPickerDemo.HexToColorConverter.ConvertBack(object?, Type, object?, CultureInfo)object?","L1177","L1157","D:\DataCollection\repos\wieslawsoltes_ColorPicker\samples\ColorPickerDemo\HexToColorConverter.cs","32","5","46","6","0","0","0","0","0","0","0","0","0","0","0","15","15","4","0","0","0","0","5","4","0","0","15","15","5","0","0","0","0","0","0","0","0","0","0","0"
"L1216","get_Color","ColorPickerDemo.MainWindow.Color.getColor?","L1172","L1157","D:\DataCollection\repos\wieslawsoltes_ColorPicker\samples\ColorPickerDemo\MainWindow.axaml.cs","33","9","33","40","0","0","0","0","0","0","0","0","0","0","0","1","1","1","0","0","0","0","0","0","0","0","1","1","0","0","0","0","0","0","0","0","0","0","0","0"
"L1219","set_Color","ColorPickerDemo.MainWindow.Color.setvoid","L1172","L1157","D:\DataCollection\repos\wieslawsoltes_ColorPicker\samples\ColorPickerDemo\MainWindow.axaml.cs","34","9","34","47","0","0","0","0","0","0","0","0","0","0","0","1","1","1","0","0","0","0","0","1","0","0","1","1","0","0","0","0","0","0","0","0","0","0","0","0"
"L1221","get_NullColor","ColorPickerDemo.MainWindow.NullColor.getColor?","L1172","L1157","D:\DataCollection\repos\wieslawsoltes_ColorPicker\samples\ColorPickerDemo\MainWindow.axaml.cs","39","9","39","44","0","0","0","0","0","0","0","0","0","0","0","1","1","1","0","0","0","0","0","0","0","0","1","1","0","0","0","0","0","0","0","0","0","0","0","0"
"L1224","set_NullColor","ColorPickerDemo.MainWindow.NullColor.setvoid","L1172","L1157","D:\DataCollection\repos\wieslawsoltes_ColorPicker\samples\ColorPickerDemo\MainWindow.axaml.cs","40","9","40","51","0","0","0","0","0","0","0","0","0","0","0","1","1","1","0","0","0","0","0","1","0","0","1","1","0","0","0","0","0","0","0","0","0","0","0","0"
"L1226","get_Hex","ColorPickerDemo.MainWindow.Hex.getstring?","L1172","L1157","D:\DataCollection\repos\wieslawsoltes_ColorPicker\samples\ColorPickerDemo\MainWindow.axaml.cs","45","9","45","38","0","0","0","0","0","0","0","0","0","0","0","1","1","1","0","0","0","0","0","0","0","0","1","1","0","0","0","0","0","0","0","0","0","0","0","0"
"L1229","set_Hex","ColorPickerDemo.MainWindow.Hex.setvoid","L1172","L1157","D:\DataCollection\repos\wieslawsoltes_ColorPicker\samples\ColorPickerDemo\MainWindow.axaml.cs","46","9","46","45","0","0","0","0","0","0","0","0","0","0","0","1","1","1","0","0","0","0","0","1","0","0","1","1","0","0","0","0","0","0","0","0","0","0","0","0"
"L1231","get_NullHex","ColorPickerDemo.MainWindow.NullHex.getstring?","L1172","L1157","D:\DataCollection\repos\wieslawsoltes_ColorPicker\samples\ColorPickerDemo\MainWindow.axaml.cs","51","9","51","42","0","0","0","0","0","0","0","0","0","0","0","1","1","1","0","0","0","0","0","0","0","0","1","1","0","0","0","0","0","0","0","0","0","0","0","0"
"L1234","set_NullHex","ColorPickerDemo.MainWindow.NullHex.setvoid","L1172","L1157","D:\DataCollection\repos\wieslawsoltes_ColorPicker\samples\ColorPickerDemo\MainWindow.axaml.cs","52","9","52","49","0","0","0","0","0","0","0","0","0","0","0","1","1","1","0","0","0","0","0","1","0","0","1","1","0","0","0","0","0","0","0","0","0","0","0","0"
"L1236","get_Value","ColorPickerDemo.MainWindow.Value.getuint","L1172","L1157","D:\DataCollection\repos\wieslawsoltes_ColorPicker\samples\ColorPickerDemo\MainWindow.axaml.cs","57","9","57","40","0","0","0","0","0","0","0","0","0","0","0","1","1","1","0","0","0","0","0","0","0","0","1","1","0","0","0","0","0","0","0","0","0","0","0","0"
"L1239","set_Value","ColorPickerDemo.MainWindow.Value.setvoid","L1172","L1157","D:\DataCollection\repos\wieslawsoltes_ColorPicker\samples\ColorPickerDemo\MainWindow.axaml.cs","58","9","58","47","0","0","0","0","0","0","0","0","0","0","0","1","1","1","0","0","0","0","0","1","0","0","1","1","0","0","0","0","0","0","0","0","0","0","0","0"
"L1241","get_NullValue","ColorPickerDemo.MainWindow.NullValue.getuint?","L1172","L1157","D:\DataCollection\repos\wieslawsoltes_ColorPicker\samples\ColorPickerDemo\MainWindow.axaml.cs","63","9","63","44","0","0","0","0","0","0","0","0","0","0","0","1","1","1","0","0","0","0","0","0","0","0","1","1","0","0","0","0","0","0","0","0","0","0","0","0"
"L1244","set_NullValue","ColorPickerDemo.MainWindow.NullValue.setvoid","L1172","L1157","D:\DataCollection\repos\wieslawsoltes_ColorPicker\samples\ColorPickerDemo\MainWindow.axaml.cs","64","9","64","51","0","0","0","0","0","0","0","0","0","0","0","1","1","1","0","0","0","0","0","1","0","0","1","1","0","0","0","0","0","0","0","0","0","0","0","0"
"L1246","get_Value1","ColorPickerDemo.MainWindow.Value1.getdouble","L1172","L1157","D:\DataCollection\repos\wieslawsoltes_ColorPicker\samples\ColorPickerDemo\MainWindow.axaml.cs","69","9","69","41","0","0","0","0","0","0","0","0","0","0","0","1","1","1","0","0","0","0","0","0","0","0","1","1","0","0","0","0","0","0","0","0","0","0","0","0"
"L1249","set_Value1","ColorPickerDemo.MainWindow.Value1.setvoid","L1172","L1157","D:\DataCollection\repos\wieslawsoltes_ColorPicker\samples\ColorPickerDemo\MainWindow.axaml.cs","70","9","70","48","0","0","0","0","0","0","0","0","0","0","0","1","1","1","0","0","0","0","0","1","0","0","1","1","0","0","0","0","0","0","0","0","0","0","0","0"
"L1175",".ctor","ColorPickerDemo.MainWindow.MainWindow()void","L1172","L1157","D:\DataCollection\repos\wieslawsoltes_ColorPicker\samples\ColorPickerDemo\MainWindow.axaml.cs","73","5","85","6","0","0","0","0","0","0","0","0","0","0","0","12","13","1","0","0","0","8","9","0","0","0","12","13","9","0","0","0","0","0","0","0","0","0","0","0"
"L1251","InitializeComponent","ColorPickerDemo.MainWindow.InitializeComponent()void","L1172","L1157","D:\DataCollection\repos\wieslawsoltes_ColorPicker\samples\ColorPickerDemo\MainWindow.axaml.cs","87","5","90","6","0","0","0","0","0","0","0","0","0","0","0","4","4","1","0","0","0","0","1","0","0","0","4","4","1","0","0","0","0","0","0","0","0","0","0","0"
"L1261","Main","ColorPickerDemo.Program.Main(string[])void","L1260","L1157","D:\DataCollection\repos\wieslawsoltes_ColorPicker\samples\ColorPickerDemo\Program.cs","13","5","15","48","0","0","0","0","0","0","0","0","0","0","0","3","3","1","0","0","0","0","0","1","0","0","3","3","0","0","0","0","0","0","0","0","0","0","0","0"
"L1265","BuildAvaloniaApp","ColorPickerDemo.Program.BuildAvaloniaApp()AppBuilder","L1260","L1157","D:\DataCollection\repos\wieslawsoltes_ColorPicker\samples\ColorPickerDemo\Program.cs","18","5","21","27","0","0","0","0","0","0","0","1","1","0","0","4","4","1","0","0","0","0","0","0","0","1","4","4","0","0","0","0","0","0","0","0","0","0","0","0"
"L1274","Convert","ColorPickerDemo.UInt32ToColorConverter.Convert(object?, Type, object?, CultureInfo)object?","L1270","L1157","D:\DataCollection\repos\wieslawsoltes_ColorPicker\samples\ColorPickerDemo\UInt32ToColorConverter.cs","13","5","27","6","0","0","0","0","0","0","0","0","0","0","0","15","15","5","0","0","0","0","5","4","0","0","15","15","5","0","0","0","0","0","0","0","0","0","0","0"
"L1279","ConvertBack","ColorPickerDemo.UInt32ToColorConverter.ConvertBack(object?, Type, object?, CultureInfo)object?","L1270","L1157","D:\DataCollection\repos\wieslawsoltes_ColorPicker\samples\ColorPickerDemo\UInt32ToColorConverter.cs","29","5","43","6","0","0","0","0","0","0","0","0","0","0","0","15","15","4","0","0","0","0","5","4","0","0","15","15","5","0","0","0","0","0","0","0","0","0","0","0"
"L248","get_Color","ThemeEditor.Controls.ColorPicker.ColorPicker.Color.getColor?","L209","L177","D:\DataCollection\repos\wieslawsoltes_ColorPicker\src\ThemeEditor.Controls.ColorPicker\ColorPicker.cs","30","9","30","40","0","0","0","0","0","0","0","0","0","0","0","1","1","1","0","0","0","0","0","0","0","0","1","1","0","0","0","0","0","0","0","0","0","0","0","0"
"L251","set_Color","ThemeEditor.Controls.ColorPicker.ColorPicker.Color.setvoid","L209","L177","D:\DataCollection\repos\wieslawsoltes_ColorPicker\src\ThemeEditor.Controls.ColorPicker\ColorPicker.cs","31","9","31","47","0","0","0","0","0","0","0","0","0","0","0","1","1","1","0","0","0","0","0","1","0","0","1","1","0","0","0","0","0","0","0","0","0","0","0","0"
"L253","OnApplyTemplate","ThemeEditor.Controls.ColorPicker.ColorPicker.OnApplyTemplate(TemplateAppliedEventArgs)void","L209","L177","D:\DataCollection\repos\wieslawsoltes_ColorPicker\src\ThemeEditor.Controls.ColorPicker\ColorPicker.cs","34","5","81","6","0","0","0","0","0","0","0","0","0","0","0","40","48","9","0","0","0","8","16","1","0","0","40","48","16","0","0","0","0","0","0","0","0","0","0","0"
"L326","ArrangeOverride","ThemeEditor.Controls.ColorPicker.ColorPicker.ArrangeOverride(Size)Size","L209","L177","D:\DataCollection\repos\wieslawsoltes_ColorPicker\src\ThemeEditor.Controls.ColorPicker\ColorPicker.cs","83","5","90","6","0","0","0","0","0","0","0","0","0","0","0","6","8","2","0","0","0","1","3","1","0","0","6","8","3","0","0","0","0","0","0","0","0","0","0","0"
"L364","get_Value2","ThemeEditor.Controls.ColorPicker.ColorPickerAreaSlider.Value2.getdouble?","L331","L177","D:\DataCollection\repos\wieslawsoltes_ColorPicker\src\ThemeEditor.Controls.ColorPicker\ColorPickerAreaSlider.cs","29","9","29","41","0","0","0","0","0","0","0","0","0","0","0","1","1","1","0","0","0","0","0","0","0","0","1","1","0","0","0","0","0","0","0","0","0","0","0","0"
"L367","set_Value2","ThemeEditor.Controls.ColorPicker.ColorPickerAreaSlider.Value2.setvoid","L331","L177","D:\DataCollection\repos\wieslawsoltes_ColorPicker\src\ThemeEditor.Controls.ColorPicker\ColorPickerAreaSlider.cs","30","9","30","48","0","0","0","0","0","0","0","0","0","0","0","1","1","1","0","0","0","0","0","1","0","0","1","1","0","0","0","0","0","0","0","0","0","0","0","0"
"L369","get_Value3","ThemeEditor.Controls.ColorPicker.ColorPickerAreaSlider.Value3.getdouble?","L331","L177","D:\DataCollection\repos\wieslawsoltes_ColorPicker\src\ThemeEditor.Controls.ColorPicker\ColorPickerAreaSlider.cs","35","9","35","41","0","0","0","0","0","0","0","0","0","0","0","1","1","1","0","0","0","0","0","0","0","0","1","1","0","0","0","0","0","0","0","0","0","0","0","0"
"L372","set_Value3","ThemeEditor.Controls.ColorPicker.ColorPickerAreaSlider.Value3.setvoid","L331","L177","D:\DataCollection\repos\wieslawsoltes_ColorPicker\src\ThemeEditor.Controls.ColorPicker\ColorPickerAreaSlider.cs","36","9","36","48","0","0","0","0","0","0","0","0","0","0","0","1","1","1","0","0","0","0","0","1","0","0","1","1","0","0","0","0","0","0","0","0","0","0","0","0"
"L374","GetValue2Range","ThemeEditor.Controls.ColorPicker.ColorPickerAreaSlider.GetValue2Range()double","L331","L177","D:\DataCollection\repos\wieslawsoltes_ColorPicker\src\ThemeEditor.Controls.ColorPicker\ColorPickerAreaSlider.cs","39","5","39","73","0","0","0","0","0","0","0","0","0","0","0","1","1","3","0","0","0","0","0","0","0","0","1","1","0","0","0","0","0","0","0","0","0","0","0","0"
"L375","GetValue3Range","ThemeEditor.Controls.ColorPicker.ColorPickerAreaSlider.GetValue3Range()double","L331","L177","D:\DataCollection\repos\wieslawsoltes_ColorPicker\src\ThemeEditor.Controls.ColorPicker\ColorPickerAreaSlider.cs","41","5","41","74","0","0","0","0","0","0","0","0","0","0","0","1","1","3","0","0","0","0","0","0","0","0","1","1","0","0","0","0","0","0","0","0","0","0","0","0"
"L376","IsTemplateValid","ThemeEditor.Controls.ColorPicker.ColorPickerAreaSlider.IsTemplateValid()bool","L331","L177","D:\DataCollection\repos\wieslawsoltes_ColorPicker\src\ThemeEditor.Controls.ColorPicker\ColorPickerAreaSlider.cs","43","5","47","6","0","0","0","0","0","0","0","0","0","0","0","5","5","2","0","0","0","0","1","0","0","0","5","5","1","0","0","0","0","0","0","0","0","0","0","0"
"L379","OnApplyTemplate","ThemeEditor.Controls.ColorPicker.ColorPickerAreaSlider.OnApplyTemplate(TemplateAppliedEventArgs)void","L331","L177","D:\DataCollection\repos\wieslawsoltes_ColorPicker\src\ThemeEditor.Controls.ColorPicker\ColorPickerAreaSlider.cs","49","5","79","6","1","1","5","0","1","1","1","0","0","31","26","26","31","5","0","0","0","0","15","1","0","0","26","31","15","0","0","7","0","0","0","7","0","0","0","0"
"L381","MoveThumb","ThemeEditor.Controls.ColorPicker.ColorPickerAreaSlider.MoveThumb(Canvas?, Thumb?, double, double)void","L331","L177","D:\DataCollection\repos\wieslawsoltes_ColorPicker\src\ThemeEditor.Controls.ColorPicker\ColorPickerAreaSlider.cs","81","5","90","6","0","0","0","0","0","0","0","0","0","0","0","10","10","3","0","0","0","0","5","4","0","0","10","10","5","0","0","0","0","0","0","0","0","0","0","0"
"L389","ColorCanvas_PointerPressed","ThemeEditor.Controls.ColorPicker.ColorPickerAreaSlider.ColorCanvas_PointerPressed(object?, PointerPressedEventArgs)void","L331","L177","D:\DataCollection\repos\wieslawsoltes_ColorPicker\src\ThemeEditor.Controls.ColorPicker\ColorPickerAreaSlider.cs","92","5","106","6","0","0","0","0","0","0","0","1","0","0","0","14","15","3","0","0","0","1","9","2","0","1","14","15","9","0","0","0","0","0","0","0","0","0","0","0"
"L405","ColorCanvas_PointerReleased","ThemeEditor.Controls.ColorPicker.ColorPickerAreaSlider.ColorCanvas_PointerReleased(object?, PointerReleasedEventArgs)void","L331","L177","D:\DataCollection\repos\wieslawsoltes_ColorPicker\src\ThemeEditor.Controls.ColorPicker\ColorPickerAreaSlider.cs","108","5","119","6","0","0","0","0","0","0","0","0","0","0","0","12","12","4","0","0","0","0","5","2","0","0","12","12","5","0","0","0","0","0","0","0","0","0","0","0"
"L411","ColorCanvas_PointerMoved","ThemeEditor.Controls.ColorPicker.ColorPickerAreaSlider.ColorCanvas_PointerMoved(object?, PointerEventArgs)void","L331","L177","D:\DataCollection\repos\wieslawsoltes_ColorPicker\src\ThemeEditor.Controls.ColorPicker\ColorPickerAreaSlider.cs","121","5","132","6","0","0","0","0","0","0","0","1","0","0","0","11","12","2","0","0","0","1","6","2","0","1","11","12","6","0","0","0","0","0","0","0","0","0","0","0"
"L417","ColorThumb_DragDelta","ThemeEditor.Controls.ColorPicker.ColorPickerAreaSlider.ColorThumb_DragDelta(object?, VectorEventArgs)void","L331","L177","D:\DataCollection\repos\wieslawsoltes_ColorPicker\src\ThemeEditor.Controls.ColorPicker\ColorPickerAreaSlider.cs","134","5","147","6","0","0","0","0","0","0","0","1","0","0","0","13","14","2","0","0","0","1","8","2","0","1","13","14","8","0","0","0","0","0","0","0","0","0","0","0"
"L423","UpdateThumbsFromValues","ThemeEditor.Controls.ColorPicker.ColorPickerAreaSlider.UpdateThumbsFromValues()void","L331","L177","D:\DataCollection\repos\wieslawsoltes_ColorPicker\src\ThemeEditor.Controls.ColorPicker\ColorPickerAreaSlider.cs","149","5","154","6","0","0","0","0","0","0","0","0","0","0","0","6","6","3","0","0","0","4","3","0","0","0","6","6","3","0","0","0","0","0","0","0","0","0","0","0"
"L430","Convert","ThemeEditor.Controls.ColorPicker.ColorPickerAreaSlider.Convert<T>(IValueConverter, T?, T?)T?","L331","L177","D:\DataCollection\repos\wieslawsoltes_ColorPicker\src\ThemeEditor.Controls.ColorPicker\ColorPickerAreaSlider.cs","156","5","165","6","0","0","0","0","0","0","0","0","0","0","0","10","10","2","0","0","0","0","5","3","0","0","10","10","5","0","0","0","0","0","0","0","0","0","0","0"
"L437","ConvertBack","ThemeEditor.Controls.ColorPicker.ColorPickerAreaSlider.ConvertBack<T>(IValueConverter, T?, T?)T?","L331","L177","D:\DataCollection\repos\wieslawsoltes_ColorPicker\src\ThemeEditor.Controls.ColorPicker\ColorPickerAreaSlider.cs","167","5","176","6","0","0","0","0","0","0","0","0","0","0","0","10","10","2","0","0","0","0","5","3","0","0","10","10","5","0","0","0","0","0","0","0","0","0","0","0"
"L402","UpdateValuesFromThumbs","ThemeEditor.Controls.ColorPicker.ColorPickerAreaSlider.UpdateValuesFromThumbs()void","L331","L177","D:\DataCollection\repos\wieslawsoltes_ColorPicker\src\ThemeEditor.Controls.ColorPicker\ColorPickerAreaSlider.cs","178","5","188","6","0","0","0","0","0","0","0","0","0","0","0","11","11","2","0","0","0","2","6","0","0","0","11","11","6","0","0","0","0","0","0","0","0","0","0","0"
"L443","OnPropertyChanged","ThemeEditor.Controls.ColorPicker.ColorPickerAreaSlider.OnPropertyChanged(AvaloniaPropertyChangedEventArgs)void","L331","L177","D:\DataCollection\repos\wieslawsoltes_ColorPicker\src\ThemeEditor.Controls.ColorPicker\ColorPickerAreaSlider.cs","190","5","205","6","0","0","0","0","0","0","0","2","0","0","0","13","16","6","0","0","0","2","6","1","0","2","13","16","6","0","0","0","0","0","0","0","0","0","0","0"
"L455","IsValidHexColor","ThemeEditor.Controls.ColorPicker.ColorPickerHelpers.IsValidHexColor(string?)bool","L386","L177","D:\DataCollection\repos\wieslawsoltes_ColorPicker\src\ThemeEditor.Controls.ColorPicker\ColorPickerHelpers.cs","12","5","15","6","0","0","0","0","0","0","0","0","0","0","0","4","4","2","0","0","0","0","1","1","0","0","4","4","1","0","0","0","0","0","0","0","0","0","0","0"
"L461","ToHexColor","ThemeEditor.Controls.ColorPicker.ColorPickerHelpers.ToHexColor(Color)string","L386","L177","D:\DataCollection\repos\wieslawsoltes_ColorPicker\src\ThemeEditor.Controls.ColorPicker\ColorPickerHelpers.cs","17","5","20","6","0","0","0","0","0","0","0","0","0","0","0","4","4","1","0","0","0","0","1","1","0","0","4","4","1","0","0","0","0","0","0","0","0","0","0","0"
"L463","FromHexColor","ThemeEditor.Controls.ColorPicker.ColorPickerHelpers.FromHexColor(string)Color","L386","L177","D:\DataCollection\repos\wieslawsoltes_ColorPicker\src\ThemeEditor.Controls.ColorPicker\ColorPickerHelpers.cs","22","5","25","6","0","0","0","0","0","0","0","0","0","0","0","4","4","1","0","0","0","0","1","1","0","0","4","4","1","0","0","0","0","0","0","0","0","0","0","0"
"L465","FromColor","ThemeEditor.Controls.ColorPicker.ColorPickerHelpers.FromColor(Color, out double, out double, out double, out double)void","L386","L177","D:\DataCollection\repos\wieslawsoltes_ColorPicker\src\ThemeEditor.Controls.ColorPicker\ColorPickerHelpers.cs","27","5","34","6","0","0","0","0","0","0","0","0","0","0","0","8","8","1","0","0","0","4","5","5","0","0","8","8","5","0","0","0","0","0","0","0","0","0","0","0"
"L482","FromHSVA","ThemeEditor.Controls.ColorPicker.ColorPickerHelpers.FromHSVA(double, double, double, double)Color","L386","L177","D:\DataCollection\repos\wieslawsoltes_ColorPicker\src\ThemeEditor.Controls.ColorPicker\ColorPickerHelpers.cs","37","5","42","6","0","0","0","0","0","0","0","1","1","0","0","6","6","1","0","0","0","5","3","4","0","1","6","6","3","0","0","0","0","0","0","0","0","0","0","0"
"L501","FromRGBA","ThemeEditor.Controls.ColorPicker.ColorPickerHelpers.FromRGBA(byte, byte, byte, double)Color","L386","L177","D:\DataCollection\repos\wieslawsoltes_ColorPicker\src\ThemeEditor.Controls.ColorPicker\ColorPickerHelpers.cs","45","5","49","6","0","0","0","0","0","0","0","1","1","0","0","5","5","1","0","0","0","0","2","4","0","1","5","5","2","0","0","0","0","0","0","0","0","0","0","0"
"L509","Clamp","ThemeEditor.Controls.ColorPicker.ColorPickerHelpers.Clamp(double, double, double)double","L386","L177","D:\DataCollection\repos\wieslawsoltes_ColorPicker\src\ThemeEditor.Controls.ColorPicker\ColorPickerHelpers.cs","51","5","54","6","0","0","0","0","0","0","0","0","0","0","0","4","4","1","0","0","0","0","1","3","0","0","4","4","1","0","0","0","0","0","0","0","0","0","0","0"
"L513","Clamp","ThemeEditor.Controls.ColorPicker.ColorPickerHelpers.Clamp(byte, byte, byte)byte","L386","L177","D:\DataCollection\repos\wieslawsoltes_ColorPicker\src\ThemeEditor.Controls.ColorPicker\ColorPickerHelpers.cs","56","5","59","6","0","0","0","0","0","0","0","0","0","0","0","4","4","1","0","0","0","0","1","3","0","0","4","4","1","0","0","0","0","0","0","0","0","0","0","0"
"L524","get_Value4","ThemeEditor.Controls.ColorPicker.ColorPickerHorizontalSlider.Value4.getdouble?","L517","L177","D:\DataCollection\repos\wieslawsoltes_ColorPicker\src\ThemeEditor.Controls.ColorPicker\ColorPickerHorizontalSlider.cs","24","9","24","41","0","0","0","0","0","0","0","0","0","0","0","1","1","1","0","0","0","0","0","0","0","0","1","1","0","0","0","0","0","0","0","0","0","0","0","0"
"L527","set_Value4","ThemeEditor.Controls.ColorPicker.ColorPickerHorizontalSlider.Value4.setvoid","L517","L177","D:\DataCollection\repos\wieslawsoltes_ColorPicker\src\ThemeEditor.Controls.ColorPicker\ColorPickerHorizontalSlider.cs","25","9","25","48","0","0","0","0","0","0","0","0","0","0","0","1","1","1","0","0","0","0","0","1","0","0","1","1","0","0","0","0","0","0","0","0","0","0","0","0"
"L529","GetValue4Range","ThemeEditor.Controls.ColorPicker.ColorPickerHorizontalSlider.GetValue4Range()double","L517","L177","D:\DataCollection\repos\wieslawsoltes_ColorPicker\src\ThemeEditor.Controls.ColorPicker\ColorPickerHorizontalSlider.cs","28","5","28","73","0","0","0","0","0","0","0","0","0","0","0","1","1","3","0","0","0","0","0","0","0","0","1","1","0","0","0","0","0","0","0","0","0","0","0","0"
"L530","IsTemplateValid","ThemeEditor.Controls.ColorPicker.ColorPickerHorizontalSlider.IsTemplateValid()bool","L517","L177","D:\DataCollection\repos\wieslawsoltes_ColorPicker\src\ThemeEditor.Controls.ColorPicker\ColorPickerHorizontalSlider.cs","30","5","34","6","0","0","0","0","0","0","0","0","0","0","0","5","5","2","0","0","0","0","1","0","0","0","5","5","1","0","0","0","0","0","0","0","0","0","0","0"
"L533","OnApplyTemplate","ThemeEditor.Controls.ColorPicker.ColorPickerHorizontalSlider.OnApplyTemplate(TemplateAppliedEventArgs)void","L517","L177","D:\DataCollection\repos\wieslawsoltes_ColorPicker\src\ThemeEditor.Controls.ColorPicker\ColorPickerHorizontalSlider.cs","36","5","66","6","1","1","5","0","1","1","1","0","0","31","26","26","31","5","0","0","0","0","15","1","0","0","26","31","15","0","0","7","0","0","0","7","0","0","0","0"
"L535","MoveThumb","ThemeEditor.Controls.ColorPicker.ColorPickerHorizontalSlider.MoveThumb(Canvas?, Thumb?, double, double)void","L517","L177","D:\DataCollection\repos\wieslawsoltes_ColorPicker\src\ThemeEditor.Controls.ColorPicker\ColorPickerHorizontalSlider.cs","68","5","77","6","0","0","0","0","0","0","0","0","0","0","0","10","10","3","0","0","0","0","5","4","0","0","10","10","5","0","0","0","0","0","0","0","0","0","0","0"
"L540","AlphaCanvas_PointerPressed","ThemeEditor.Controls.ColorPicker.ColorPickerHorizontalSlider.AlphaCanvas_PointerPressed(object?, PointerPressedEventArgs)void","L517","L177","D:\DataCollection\repos\wieslawsoltes_ColorPicker\src\ThemeEditor.Controls.ColorPicker\ColorPickerHorizontalSlider.cs","79","5","93","6","0","0","0","0","0","0","0","1","0","0","0","14","15","3","0","0","0","1","9","2","0","1","14","15","9","0","0","0","0","0","0","0","0","0","0","0"
"L547","AlphaCanvas_PointerReleased","ThemeEditor.Controls.ColorPicker.ColorPickerHorizontalSlider.AlphaCanvas_PointerReleased(object?, PointerReleasedEventArgs)void","L517","L177","D:\DataCollection\repos\wieslawsoltes_ColorPicker\src\ThemeEditor.Controls.ColorPicker\ColorPickerHorizontalSlider.cs","95","5","106","6","0","0","0","0","0","0","0","0","0","0","0","12","12","4","0","0","0","0","5","2","0","0","12","12","5","0","0","0","0","0","0","0","0","0","0","0"
"L550","AlphaCanvas_PointerMoved","ThemeEditor.Controls.ColorPicker.ColorPickerHorizontalSlider.AlphaCanvas_PointerMoved(object?, PointerEventArgs)void","L517","L177","D:\DataCollection\repos\wieslawsoltes_ColorPicker\src\ThemeEditor.Controls.ColorPicker\ColorPickerHorizontalSlider.cs","108","5","119","6","0","0","0","0","0","0","0","1","0","0","0","11","12","2","0","0","0","1","6","2","0","1","11","12","6","0","0","0","0","0","0","0","0","0","0","0"
"L553","AlphaThumb_DragDelta","ThemeEditor.Controls.ColorPicker.ColorPickerHorizontalSlider.AlphaThumb_DragDelta(object?, VectorEventArgs)void","L517","L177","D:\DataCollection\repos\wieslawsoltes_ColorPicker\src\ThemeEditor.Controls.ColorPicker\ColorPickerHorizontalSlider.cs","121","5","133","6","0","0","0","0","0","0","0","1","0","0","0","12","13","2","0","0","0","1","7","2","0","1","12","13","7","0","0","0","0","0","0","0","0","0","0","0"
"L556","UpdateThumbsFromValues","ThemeEditor.Controls.ColorPicker.ColorPickerHorizontalSlider.UpdateThumbsFromValues()void","L517","L177","D:\DataCollection\repos\wieslawsoltes_ColorPicker\src\ThemeEditor.Controls.ColorPicker\ColorPickerHorizontalSlider.cs","135","5","139","6","0","0","0","0","0","0","0","0","0","0","0","5","5","2","0","0","0","2","2","0","0","0","5","5","2","0","0","0","0","0","0","0","0","0","0","0"
"L560","Convert","ThemeEditor.Controls.ColorPicker.ColorPickerHorizontalSlider.Convert<T>(IValueConverter, T?, T?)T?","L517","L177","D:\DataCollection\repos\wieslawsoltes_ColorPicker\src\ThemeEditor.Controls.ColorPicker\ColorPickerHorizontalSlider.cs","141","5","150","6","0","0","0","0","0","0","0","0","0","0","0","10","10","2","0","0","0","0","5","3","0","0","10","10","5","0","0","0","0","0","0","0","0","0","0","0"
"L564","ConvertBack","ThemeEditor.Controls.ColorPicker.ColorPickerHorizontalSlider.ConvertBack<T>(IValueConverter, T?, T?)T?","L517","L177","D:\DataCollection\repos\wieslawsoltes_ColorPicker\src\ThemeEditor.Controls.ColorPicker\ColorPickerHorizontalSlider.cs","152","5","161","6","0","0","0","0","0","0","0","0","0","0","0","10","10","2","0","0","0","0","5","3","0","0","10","10","5","0","0","0","0","0","0","0","0","0","0","0"
"L544","UpdateValuesFromThumbs","ThemeEditor.Controls.ColorPicker.ColorPickerHorizontalSlider.UpdateValuesFromThumbs()void","L517","L177","D:\DataCollection\repos\wieslawsoltes_ColorPicker\src\ThemeEditor.Controls.ColorPicker\ColorPickerHorizontalSlider.cs","163","5","171","6","0","0","0","0","0","0","0","0","0","0","0","9","9","2","0","0","0","1","4","0","0","0","9","9","4","0","0","0","0","0","0","0","0","0","0","0"
"L569","OnPropertyChanged","ThemeEditor.Controls.ColorPicker.ColorPickerHorizontalSlider.OnPropertyChanged(AvaloniaPropertyChangedEventArgs)void","L517","L177","D:\DataCollection\repos\wieslawsoltes_ColorPicker\src\ThemeEditor.Controls.ColorPicker\ColorPickerHorizontalSlider.cs","173","5","188","6","0","0","0","0","0","0","0","2","0","0","0","13","16","5","0","0","0","2","6","1","0","2","13","16","6","0","0","0","0","0","0","0","0","0","0","0"
"L588",".ctor","ThemeEditor.Controls.ColorPicker.ColorPickerProperties.ColorPickerProperties()void","L267","L177","D:\DataCollection\repos\wieslawsoltes_ColorPicker\src\ThemeEditor.Controls.ColorPicker\ColorPickerProperties.cs","20","5","24","6","0","0","0","0","0","0","0","0","0","0","0","5","5","1","0","0","0","0","1","0","0","0","5","5","1","0","0","0","0","0","0","0","0","0","0","0"
"L594","get_Header","ThemeEditor.Controls.ColorPicker.ColorPickerProperties.Header.getobject?","L267","L177","D:\DataCollection\repos\wieslawsoltes_ColorPicker\src\ThemeEditor.Controls.ColorPicker\ColorPickerProperties.cs","28","9","28","41","0","0","0","0","0","0","0","0","0","0","0","1","1","1","0","0","0","0","0","0","0","0","1","1","0","0","0","0","0","0","0","0","0","0","0","0"
"L273","set_Header","ThemeEditor.Controls.ColorPicker.ColorPickerProperties.Header.setvoid","L267","L177","D:\DataCollection\repos\wieslawsoltes_ColorPicker\src\ThemeEditor.Controls.ColorPicker\ColorPickerProperties.cs","29","9","29","48","0","0","0","0","0","0","0","0","0","0","0","1","1","1","0","0","0","0","0","1","0","0","1","1","0","0","0","0","0","0","0","0","0","0","0","0"
"L598","get_Presenter","ThemeEditor.Controls.ColorPicker.ColorPickerProperties.Presenter.getThemeEditor.Controls.ColorPicker.ColorPickerValuesPresenter?","L267","L177","D:\DataCollection\repos\wieslawsoltes_ColorPicker\src\ThemeEditor.Controls.ColorPicker\ColorPickerProperties.cs","34","9","34","44","0","0","0","0","0","0","0","0","0","0","0","1","1","1","0","0","0","0","0","0","0","0","1","1","0","0","0","0","0","0","0","0","0","0","0","0"
"L275","set_Presenter","ThemeEditor.Controls.ColorPicker.ColorPickerProperties.Presenter.setvoid","L267","L177","D:\DataCollection\repos\wieslawsoltes_ColorPicker\src\ThemeEditor.Controls.ColorPicker\ColorPickerProperties.cs","35","9","35","51","0","0","0","0","0","0","0","0","0","0","0","1","1","1","0","0","0","0","0","1","0","0","1","1","0","0","0","0","0","0","0","0","0","0","0","0"
"L602","UpdateColorPickerValues","ThemeEditor.Controls.ColorPicker.ColorPickerProperties.UpdateColorPickerValues()void","L267","L177","D:\DataCollection\repos\wieslawsoltes_ColorPicker\src\ThemeEditor.Controls.ColorPicker\ColorPickerProperties.cs","38","5","38","55","0","0","0","0","0","0","0","0","0","0","0","1","1","1","0","0","0","0","0","0","0","0","1","1","0","0","0","0","0","0","0","0","0","0","0","0"
"L603","UpdatePropertyValues","ThemeEditor.Controls.ColorPicker.ColorPickerProperties.UpdatePropertyValues()void","L267","L177","D:\DataCollection\repos\wieslawsoltes_ColorPicker\src\ThemeEditor.Controls.ColorPicker\ColorPickerProperties.cs","40","5","40","52","0","0","0","0","0","0","0","0","0","0","0","1","1","1","0","0","0","0","0","0","0","0","1","1","0","0","0","0","0","0","0","0","0","0","0","0"
"L592","OnColorPickerChange","ThemeEditor.Controls.ColorPicker.ColorPickerProperties.OnColorPickerChange()void","L267","L177","D:\DataCollection\repos\wieslawsoltes_ColorPicker\src\ThemeEditor.Controls.ColorPicker\ColorPickerProperties.cs","42","5","67","6","0","0","0","0","0","0","0","0","0","0","0","22","26","6","0","0","0","1","9","0","0","0","22","26","9","0","0","0","0","0","0","0","0","0","0","0"
"L626","get_Properties","ThemeEditor.Controls.ColorPicker.ColorPickerPropertiesPresenter.Properties.getIEnumerable<ThemeEditor.Controls.ColorPicker.ColorPickerProperties>","L230","L177","D:\DataCollection\repos\wieslawsoltes_ColorPicker\src\ThemeEditor.Controls.ColorPicker\ColorPickerPropertiesPresenter.cs","14","9","14","45","0","0","0","0","0","0","0","0","0","0","0","1","1","1","0","0","0","0","0","0","0","0","1","1","0","0","0","0","0","0","0","0","0","0","0","0"
"L265","set_Properties","ThemeEditor.Controls.ColorPicker.ColorPickerPropertiesPresenter.Properties.setvoid","L230","L177","D:\DataCollection\repos\wieslawsoltes_ColorPicker\src\ThemeEditor.Controls.ColorPicker\ColorPickerPropertiesPresenter.cs","15","9","15","52","0","0","0","0","0","0","0","0","0","0","0","1","1","1","0","0","0","0","0","1","0","0","1","1","0","0","0","0","0","0","0","0","0","0","0","0"
"L643","get_Value1","ThemeEditor.Controls.ColorPicker.ColorPickerValuesPresenter.Value1.getdouble?","L234","L177","D:\DataCollection\repos\wieslawsoltes_ColorPicker\src\ThemeEditor.Controls.ColorPicker\ColorPickerValuesPresenter.cs","30","9","30","41","0","0","0","0","0","0","0","0","0","0","0","1","1","1","0","0","0","0","0","0","0","0","1","1","0","0","0","0","0","0","0","0","0","0","0","0"
"L646","set_Value1","ThemeEditor.Controls.ColorPicker.ColorPickerValuesPresenter.Value1.setvoid","L234","L177","D:\DataCollection\repos\wieslawsoltes_ColorPicker\src\ThemeEditor.Controls.ColorPicker\ColorPickerValuesPresenter.cs","31","9","31","48","0","0","0","0","0","0","0","0","0","0","0","1","1","1","0","0","0","0","0","1","0","0","1","1","0","0","0","0","0","0","0","0","0","0","0","0"
"L648","get_Value2","ThemeEditor.Controls.ColorPicker.ColorPickerValuesPresenter.Value2.getdouble?","L234","L177","D:\DataCollection\repos\wieslawsoltes_ColorPicker\src\ThemeEditor.Controls.ColorPicker\ColorPickerValuesPresenter.cs","36","9","36","41","0","0","0","0","0","0","0","0","0","0","0","1","1","1","0","0","0","0","0","0","0","0","1","1","0","0","0","0","0","0","0","0","0","0","0","0"
"L651","set_Value2","ThemeEditor.Controls.ColorPicker.ColorPickerValuesPresenter.Value2.setvoid","L234","L177","D:\DataCollection\repos\wieslawsoltes_ColorPicker\src\ThemeEditor.Controls.ColorPicker\ColorPickerValuesPresenter.cs","37","9","37","48","0","0","0","0","0","0","0","0","0","0","0","1","1","1","0","0","0","0","0","1","0","0","1","1","0","0","0","0","0","0","0","0","0","0","0","0"
"L653","get_Value3","ThemeEditor.Controls.ColorPicker.ColorPickerValuesPresenter.Value3.getdouble?","L234","L177","D:\DataCollection\repos\wieslawsoltes_ColorPicker\src\ThemeEditor.Controls.ColorPicker\ColorPickerValuesPresenter.cs","42","9","42","41","0","0","0","0","0","0","0","0","0","0","0","1","1","1","0","0","0","0","0","0","0","0","1","1","0","0","0","0","0","0","0","0","0","0","0","0"
"L656","set_Value3","ThemeEditor.Controls.ColorPicker.ColorPickerValuesPresenter.Value3.setvoid","L234","L177","D:\DataCollection\repos\wieslawsoltes_ColorPicker\src\ThemeEditor.Controls.ColorPicker\ColorPickerValuesPresenter.cs","43","9","43","48","0","0","0","0","0","0","0","0","0","0","0","1","1","1","0","0","0","0","0","1","0","0","1","1","0","0","0","0","0","0","0","0","0","0","0","0"
"L658","get_Value4","ThemeEditor.Controls.ColorPicker.ColorPickerValuesPresenter.Value4.getdouble?","L234","L177","D:\DataCollection\repos\wieslawsoltes_ColorPicker\src\ThemeEditor.Controls.ColorPicker\ColorPickerValuesPresenter.cs","48","9","48","41","0","0","0","0","0","0","0","0","0","0","0","1","1","1","0","0","0","0","0","0","0","0","1","1","0","0","0","0","0","0","0","0","0","0","0","0"
"L661","set_Value4","ThemeEditor.Controls.ColorPicker.ColorPickerValuesPresenter.Value4.setvoid","L234","L177","D:\DataCollection\repos\wieslawsoltes_ColorPicker\src\ThemeEditor.Controls.ColorPicker\ColorPickerValuesPresenter.cs","49","9","49","48","0","0","0","0","0","0","0","0","0","0","0","1","1","1","0","0","0","0","0","1","0","0","1","1","0","0","0","0","0","0","0","0","0","0","0","0"
"L663","OnApplyTemplate","ThemeEditor.Controls.ColorPicker.ColorPickerValuesPresenter.OnApplyTemplate(TemplateAppliedEventArgs)void","L234","L177","D:\DataCollection\repos\wieslawsoltes_ColorPicker\src\ThemeEditor.Controls.ColorPicker\ColorPickerValuesPresenter.cs","52","5","59","6","0","0","0","0","0","0","0","0","0","0","0","7","8","1","0","0","0","0","4","1","0","0","7","8","4","0","0","0","0","0","0","0","0","0","0","0"
"L668","IsTemplateValid","ThemeEditor.Controls.ColorPicker.ColorPickerValuesPresenter.IsTemplateValid()bool","L234","L177","D:\DataCollection\repos\wieslawsoltes_ColorPicker\src\ThemeEditor.Controls.ColorPicker\ColorPickerValuesPresenter.cs","61","5","66","6","0","0","0","0","0","0","0","0","0","0","0","6","6","3","0","0","0","0","1","0","0","0","6","6","1","0","0","0","0","0","0","0","0","0","0","0"
"L674","UpdateThumbsFromColor","ThemeEditor.Controls.ColorPicker.ColorPickerValuesPresenter.UpdateThumbsFromColor()void","L234","L177","D:\DataCollection\repos\wieslawsoltes_ColorPicker\src\ThemeEditor.Controls.ColorPicker\ColorPickerValuesPresenter.cs","68","5","79","6","0","0","0","0","0","0","0","0","0","0","0","12","12","2","0","0","0","1","7","0","0","0","12","12","7","0","0","0","0","0","0","0","0","0","0","0"
"L677","UpdateColorFromThumbs","ThemeEditor.Controls.ColorPicker.ColorPickerValuesPresenter.UpdateColorFromThumbs()void","L234","L177","D:\DataCollection\repos\wieslawsoltes_ColorPicker\src\ThemeEditor.Controls.ColorPicker\ColorPickerValuesPresenter.cs","81","5","92","6","0","0","0","0","0","0","0","0","0","0","0","11","12","5","0","0","0","4","10","0","0","0","11","12","10","0","0","0","0","0","0","0","0","0","0","0"
"L675","GetColor","ThemeEditor.Controls.ColorPicker.ColorPickerValuesPresenter.GetColor()Color?","L234","L177","D:\DataCollection\repos\wieslawsoltes_ColorPicker\src\ThemeEditor.Controls.ColorPicker\ColorPickerValuesPresenter.cs","94","5","97","6","0","0","0","0","0","0","0","0","0","0","0","4","4","2","0","0","0","1","1","0","0","0","4","4","1","0","0","0","0","0","0","0","0","0","0","0"
"L683","SetColor","ThemeEditor.Controls.ColorPicker.ColorPickerValuesPresenter.SetColor(double, double, double, double)void","L234","L177","D:\DataCollection\repos\wieslawsoltes_ColorPicker\src\ThemeEditor.Controls.ColorPicker\ColorPickerValuesPresenter.cs","99","5","105","6","0","0","0","0","0","0","0","0","0","0","0","7","7","2","0","0","0","1","2","4","0","0","7","7","2","0","0","0","0","0","0","0","0","0","0","0"
"L305","OnValueChange","ThemeEditor.Controls.ColorPicker.ColorPickerValuesPresenter.OnValueChange()void","L234","L177","D:\DataCollection\repos\wieslawsoltes_ColorPicker\src\ThemeEditor.Controls.ColorPicker\ColorPickerValuesPresenter.cs","107","5","115","6","0","0","0","0","0","0","0","0","0","0","0","9","9","3","0","0","0","2","4","0","0","0","9","9","4","0","0","0","0","0","0","0","0","0","0","0"
"L324","OnColorChange","ThemeEditor.Controls.ColorPicker.ColorPickerValuesPresenter.OnColorChange()void","L234","L177","D:\DataCollection\repos\wieslawsoltes_ColorPicker\src\ThemeEditor.Controls.ColorPicker\ColorPickerValuesPresenter.cs","117","5","126","6","0","0","0","0","0","0","0","0","0","0","0","10","10","3","0","0","0","3","5","0","0","0","10","10","5","0","0","0","0","0","0","0","0","0","0","0"
"L699","get_Value1","ThemeEditor.Controls.ColorPicker.ColorPickerVerticalSlider.Value1.getdouble?","L637","L177","D:\DataCollection\repos\wieslawsoltes_ColorPicker\src\ThemeEditor.Controls.ColorPicker\ColorPickerVerticalSlider.cs","25","9","25","41","0","0","0","0","0","0","0","0","0","0","0","1","1","1","0","0","0","0","0","0","0","0","1","1","0","0","0","0","0","0","0","0","0","0","0","0"
"L702","set_Value1","ThemeEditor.Controls.ColorPicker.ColorPickerVerticalSlider.Value1.setvoid","L637","L177","D:\DataCollection\repos\wieslawsoltes_ColorPicker\src\ThemeEditor.Controls.ColorPicker\ColorPickerVerticalSlider.cs","26","9","26","48","0","0","0","0","0","0","0","0","0","0","0","1","1","1","0","0","0","0","0","1","0","0","1","1","0","0","0","0","0","0","0","0","0","0","0","0"
"L704","GetValue1Range","ThemeEditor.Controls.ColorPicker.ColorPickerVerticalSlider.GetValue1Range()double","L637","L177","D:\DataCollection\repos\wieslawsoltes_ColorPicker\src\ThemeEditor.Controls.ColorPicker\ColorPickerVerticalSlider.cs","29","5","29","72","0","0","0","0","0","0","0","0","0","0","0","1","1","3","0","0","0","0","0","0","0","0","1","1","0","0","0","0","0","0","0","0","0","0","0","0"
"L705","IsTemplateValid","ThemeEditor.Controls.ColorPicker.ColorPickerVerticalSlider.IsTemplateValid()bool","L637","L177","D:\DataCollection\repos\wieslawsoltes_ColorPicker\src\ThemeEditor.Controls.ColorPicker\ColorPickerVerticalSlider.cs","31","5","35","6","0","0","0","0","0","0","0","0","0","0","0","5","5","2","0","0","0","0","1","0","0","0","5","5","1","0","0","0","0","0","0","0","0","0","0","0"
"L708","OnApplyTemplate","ThemeEditor.Controls.ColorPicker.ColorPickerVerticalSlider.OnApplyTemplate(TemplateAppliedEventArgs)void","L637","L177","D:\DataCollection\repos\wieslawsoltes_ColorPicker\src\ThemeEditor.Controls.ColorPicker\ColorPickerVerticalSlider.cs","37","5","67","6","1","1","5","0","1","1","1","0","0","31","26","26","31","5","0","0","0","0","15","1","0","0","26","31","15","0","0","7","0","0","0","7","0","0","0","0"
"L710","MoveThumb","ThemeEditor.Controls.ColorPicker.ColorPickerVerticalSlider.MoveThumb(Canvas?, Thumb?, double, double)void","L637","L177","D:\DataCollection\repos\wieslawsoltes_ColorPicker\src\ThemeEditor.Controls.ColorPicker\ColorPickerVerticalSlider.cs","69","5","78","6","0","0","0","0","0","0","0","0","0","0","0","10","10","3","0","0","0","0","5","4","0","0","10","10","5","0","0","0","0","0","0","0","0","0","0","0"
"L715","HueCanvas_PointerPressed","ThemeEditor.Controls.ColorPicker.ColorPickerVerticalSlider.HueCanvas_PointerPressed(object?, PointerPressedEventArgs)void","L637","L177","D:\DataCollection\repos\wieslawsoltes_ColorPicker\src\ThemeEditor.Controls.ColorPicker\ColorPickerVerticalSlider.cs","80","5","94","6","0","0","0","0","0","0","0","1","0","0","0","14","15","3","0","0","0","1","9","2","0","1","14","15","9","0","0","0","0","0","0","0","0","0","0","0"
"L722","HueCanvas_PointerReleased","ThemeEditor.Controls.ColorPicker.ColorPickerVerticalSlider.HueCanvas_PointerReleased(object?, PointerReleasedEventArgs)void","L637","L177","D:\DataCollection\repos\wieslawsoltes_ColorPicker\src\ThemeEditor.Controls.ColorPicker\ColorPickerVerticalSlider.cs","96","5","107","6","0","0","0","0","0","0","0","0","0","0","0","12","12","4","0","0","0","0","5","2","0","0","12","12","5","0","0","0","0","0","0","0","0","0","0","0"
"L725","HueCanvas_PointerMoved","ThemeEditor.Controls.ColorPicker.ColorPickerVerticalSlider.HueCanvas_PointerMoved(object?, PointerEventArgs)void","L637","L177","D:\DataCollection\repos\wieslawsoltes_ColorPicker\src\ThemeEditor.Controls.ColorPicker\ColorPickerVerticalSlider.cs","109","5","120","6","0","0","0","0","0","0","0","1","0","0","0","11","12","2","0","0","0","1","6","2","0","1","11","12","6","0","0","0","0","0","0","0","0","0","0","0"
"L728","HueThumb_DragDelta","ThemeEditor.Controls.ColorPicker.ColorPickerVerticalSlider.HueThumb_DragDelta(object?, VectorEventArgs)void","L637","L177","D:\DataCollection\repos\wieslawsoltes_ColorPicker\src\ThemeEditor.Controls.ColorPicker\ColorPickerVerticalSlider.cs","122","5","134","6","0","0","0","0","0","0","0","1","0","0","0","12","13","2","0","0","0","1","7","2","0","1","12","13","7","0","0","0","0","0","0","0","0","0","0","0"
"L731","UpdateThumbsFromValues","ThemeEditor.Controls.ColorPicker.ColorPickerVerticalSlider.UpdateThumbsFromValues()void","L637","L177","D:\DataCollection\repos\wieslawsoltes_ColorPicker\src\ThemeEditor.Controls.ColorPicker\ColorPickerVerticalSlider.cs","136","5","140","6","0","0","0","0","0","0","0","0","0","0","0","5","5","2","0","0","0","2","2","0","0","0","5","5","2","0","0","0","0","0","0","0","0","0","0","0"
"L735","Convert","ThemeEditor.Controls.ColorPicker.ColorPickerVerticalSlider.Convert<T>(IValueConverter, T?, T?)T?","L637","L177","D:\DataCollection\repos\wieslawsoltes_ColorPicker\src\ThemeEditor.Controls.ColorPicker\ColorPickerVerticalSlider.cs","142","5","151","6","0","0","0","0","0","0","0","0","0","0","0","10","10","2","0","0","0","0","5","3","0","0","10","10","5","0","0","0","0","0","0","0","0","0","0","0"
"L739","ConvertBack","ThemeEditor.Controls.ColorPicker.ColorPickerVerticalSlider.ConvertBack<T>(IValueConverter, T?, T?)T?","L637","L177","D:\DataCollection\repos\wieslawsoltes_ColorPicker\src\ThemeEditor.Controls.ColorPicker\ColorPickerVerticalSlider.cs","153","5","162","6","0","0","0","0","0","0","0","0","0","0","0","10","10","2","0","0","0","0","5","3","0","0","10","10","5","0","0","0","0","0","0","0","0","0","0","0"
"L719","UpdateValuesFromThumbs","ThemeEditor.Controls.ColorPicker.ColorPickerVerticalSlider.UpdateValuesFromThumbs()void","L637","L177","D:\DataCollection\repos\wieslawsoltes_ColorPicker\src\ThemeEditor.Controls.ColorPicker\ColorPickerVerticalSlider.cs","164","5","172","6","0","0","0","0","0","0","0","0","0","0","0","9","9","2","0","0","0","1","4","0","0","0","9","9","4","0","0","0","0","0","0","0","0","0","0","0"
"L744","OnPropertyChanged","ThemeEditor.Controls.ColorPicker.ColorPickerVerticalSlider.OnPropertyChanged(AvaloniaPropertyChangedEventArgs)void","L637","L177","D:\DataCollection\repos\wieslawsoltes_ColorPicker\src\ThemeEditor.Controls.ColorPicker\ColorPickerVerticalSlider.cs","174","5","189","6","0","0","0","0","0","0","0","2","0","0","0","13","16","5","0","0","0","2","6","1","0","2","13","16","6","0","0","0","0","0","0","0","0","0","0","0"
"L301","<>f__(void, [?])","ThemeEditor.Controls.ColorPicker.ColorPicker.OnApplyTemplate(TemplateAppliedEventArgs)void.<>f__(void, [?])","L253","L177","D:\DataCollection\repos\wieslawsoltes_ColorPicker\src\ThemeEditor.Controls.ColorPicker\ColorPicker.cs","61","59","61","96","0","0","0","0","0","0","0","0","0","0","0","0","0","0","0","0","0","0","0","0","0","0","0","0","0","0","0","0","0","0","0","0","0","0","0","0"
"L309","<>f__(void, [?])","ThemeEditor.Controls.ColorPicker.ColorPicker.OnApplyTemplate(TemplateAppliedEventArgs)void.<>f__(void, [?])","L253","L177","D:\DataCollection\repos\wieslawsoltes_ColorPicker\src\ThemeEditor.Controls.ColorPicker\ColorPicker.cs","65","59","65","96","0","0","0","0","0","0","0","0","0","0","0","0","0","0","0","0","0","0","0","0","0","0","0","0","0","0","0","0","0","0","0","0","0","0","0","0"
"L313","<>f__(void, [?])","ThemeEditor.Controls.ColorPicker.ColorPicker.OnApplyTemplate(TemplateAppliedEventArgs)void.<>f__(void, [?])","L253","L177","D:\DataCollection\repos\wieslawsoltes_ColorPicker\src\ThemeEditor.Controls.ColorPicker\ColorPicker.cs","69","59","69","96","0","0","0","0","0","0","0","0","0","0","0","0","0","0","0","0","0","0","0","0","0","0","0","0","0","0","0","0","0","0","0","0","0","0","0","0"
"L317","<>f__(void, [?])","ThemeEditor.Controls.ColorPicker.ColorPicker.OnApplyTemplate(TemplateAppliedEventArgs)void.<>f__(void, [?])","L253","L177","D:\DataCollection\repos\wieslawsoltes_ColorPicker\src\ThemeEditor.Controls.ColorPicker\ColorPicker.cs","73","63","73","100","0","0","0","0","0","0","0","0","0","0","0","0","0","0","0","0","0","0","0","0","0","0","0","0","0","0","0","0","0","0","0","0","0","0","0","0"
"L322","<>f__(void, [?])","ThemeEditor.Controls.ColorPicker.ColorPicker.OnApplyTemplate(TemplateAppliedEventArgs)void.<>f__(void, [?])","L253","L177","D:\DataCollection\repos\wieslawsoltes_ColorPicker\src\ThemeEditor.Controls.ColorPicker\ColorPicker.cs","79","58","79","95","0","0","0","0","0","0","0","0","0","0","0","0","0","0","0","0","0","0","0","0","0","0","0","0","0","0","0","0","0","0","0","0","0","0","0","0"
"L590","<>f__(void, [?])","ThemeEditor.Controls.ColorPicker.ColorPickerProperties.ColorPickerProperties()void.<>f__(void, [?])","L588","L177","D:\DataCollection\repos\wieslawsoltes_ColorPicker\src\ThemeEditor.Controls.ColorPicker\ColorPickerProperties.cs","23","64","23","90","0","0","0","0","0","0","0","0","0","0","0","0","0","0","0","0","0","0","0","0","0","0","0","0","0","0","0","0","0","0","0","0","0","0","0","0"
"L609","<>f__(void, [?])","ThemeEditor.Controls.ColorPicker.ColorPickerProperties.OnColorPickerChange()void.<>f__(void, [?])","L592","L177","D:\DataCollection\repos\wieslawsoltes_ColorPicker\src\ThemeEditor.Controls.ColorPicker\ColorPickerProperties.cs","53","59","53","86","0","0","0","0","0","0","0","0","0","0","0","0","0","0","0","0","0","0","0","0","0","0","0","0","0","0","0","0","0","0","0","0","0","0","0","0"
"L612","<>f__(void, [?])","ThemeEditor.Controls.ColorPicker.ColorPickerProperties.OnColorPickerChange()void.<>f__(void, [?])","L592","L177","D:\DataCollection\repos\wieslawsoltes_ColorPicker\src\ThemeEditor.Controls.ColorPicker\ColorPickerProperties.cs","57","59","57","86","0","0","0","0","0","0","0","0","0","0","0","0","0","0","0","0","0","0","0","0","0","0","0","0","0","0","0","0","0","0","0","0","0","0","0","0"
"L614","<>f__(void, [?])","ThemeEditor.Controls.ColorPicker.ColorPickerProperties.OnColorPickerChange()void.<>f__(void, [?])","L592","L177","D:\DataCollection\repos\wieslawsoltes_ColorPicker\src\ThemeEditor.Controls.ColorPicker\ColorPickerProperties.cs","61","59","61","86","0","0","0","0","0","0","0","0","0","0","0","0","0","0","0","0","0","0","0","0","0","0","0","0","0","0","0","0","0","0","0","0","0","0","0","0"
"L616","<>f__(void, [?])","ThemeEditor.Controls.ColorPicker.ColorPickerProperties.OnColorPickerChange()void.<>f__(void, [?])","L592","L177","D:\DataCollection\repos\wieslawsoltes_ColorPicker\src\ThemeEditor.Controls.ColorPicker\ColorPickerProperties.cs","65","59","65","86","0","0","0","0","0","0","0","0","0","0","0","0","0","0","0","0","0","0","0","0","0","0","0","0","0","0","0","0","0","0","0","0","0","0","0","0"
"L753","get_C","ThemeEditor.Controls.ColorPicker.Colors.CMYK.C.getdouble","L749","L177","D:\DataCollection\repos\wieslawsoltes_ColorPicker\src\ThemeEditor.Controls.ColorPicker\Colors\CMYK.cs","7","23","7","27","0","0","0","0","0","0","0","0","0","0","0","1","1","1","0","0","0","0","0","0","0","0","1","1","0","0","0","0","0","0","0","0","0","0","0","0"
"L756","get_M","ThemeEditor.Controls.ColorPicker.Colors.CMYK.M.getdouble","L749","L177","D:\DataCollection\repos\wieslawsoltes_ColorPicker\src\ThemeEditor.Controls.ColorPicker\Colors\CMYK.cs","9","23","9","27","0","0","0","0","0","0","0","0","0","0","0","1","1","1","0","0","0","0","0","0","0","0","1","1","0","0","0","0","0","0","0","0","0","0","0","0"
"L759","get_Y","ThemeEditor.Controls.ColorPicker.Colors.CMYK.Y.getdouble","L749","L177","D:\DataCollection\repos\wieslawsoltes_ColorPicker\src\ThemeEditor.Controls.ColorPicker\Colors\CMYK.cs","11","23","11","27","0","0","0","0","0","0","0","0","0","0","0","1","1","1","0","0","0","0","0","0","0","0","1","1","0","0","0","0","0","0","0","0","0","0","0","0"
"L762","get_K","ThemeEditor.Controls.ColorPicker.Colors.CMYK.K.getdouble","L749","L177","D:\DataCollection\repos\wieslawsoltes_ColorPicker\src\ThemeEditor.Controls.ColorPicker\Colors\CMYK.cs","13","23","13","27","0","0","0","0","0","0","0","0","0","0","0","1","1","1","0","0","0","0","0","0","0","0","1","1","0","0","0","0","0","0","0","0","0","0","0","0"
"L765",".ctor","ThemeEditor.Controls.ColorPicker.Colors.CMYK.CMYK(double, double, double, double)void","L749","L177","D:\DataCollection\repos\wieslawsoltes_ColorPicker\src\ThemeEditor.Controls.ColorPicker\Colors\CMYK.cs","15","5","21","6","0","0","0","0","0","0","0","0","0","0","0","7","7","1","0","0","0","4","4","4","0","0","7","7","4","0","0","0","0","0","0","0","0","0","0","0"
"L774",".ctor","ThemeEditor.Controls.ColorPicker.Colors.CMYK.CMYK(ThemeEditor.Controls.ColorPicker.Colors.CMYK)void","L749","L177","D:\DataCollection\repos\wieslawsoltes_ColorPicker\src\ThemeEditor.Controls.ColorPicker\Colors\CMYK.cs","23","5","29","6","0","0","0","0","0","0","0","0","0","0","0","7","7","1","0","0","0","4","4","1","0","0","7","7","4","0","0","0","0","0","0","0","0","0","0","0"
"L778",".ctor","ThemeEditor.Controls.ColorPicker.Colors.CMYK.CMYK(ThemeEditor.Controls.ColorPicker.Colors.RGB)void","L749","L177","D:\DataCollection\repos\wieslawsoltes_ColorPicker\src\ThemeEditor.Controls.ColorPicker\Colors\CMYK.cs","31","5","38","6","0","0","0","0","0","0","0","0","0","0","0","8","8","1","0","0","0","5","5","1","0","0","8","8","5","0","0","0","0","0","0","0","0","0","0","0"
"L782",".ctor","ThemeEditor.Controls.ColorPicker.Colors.CMYK.CMYK(ThemeEditor.Controls.ColorPicker.Colors.HSV)void","L749","L177","D:\DataCollection\repos\wieslawsoltes_ColorPicker\src\ThemeEditor.Controls.ColorPicker\Colors\CMYK.cs","40","5","47","6","0","0","0","0","0","0","0","0","0","0","0","8","8","1","0","0","0","5","5","1","0","0","8","8","5","0","0","0","0","0","0","0","0","0","0","0"
"L786","WithC","ThemeEditor.Controls.ColorPicker.Colors.CMYK.WithC(double)ThemeEditor.Controls.ColorPicker.Colors.CMYK","L749","L177","D:\DataCollection\repos\wieslawsoltes_ColorPicker\src\ThemeEditor.Controls.ColorPicker\Colors\CMYK.cs","49","5","49","57","0","0","0","0","0","0","0","0","0","0","0","1","1","1","0","0","0","0","0","1","0","0","1","1","0","0","0","0","0","0","0","0","0","0","0","0"
"L788","WithM","ThemeEditor.Controls.ColorPicker.Colors.CMYK.WithM(double)ThemeEditor.Controls.ColorPicker.Colors.CMYK","L749","L177","D:\DataCollection\repos\wieslawsoltes_ColorPicker\src\ThemeEditor.Controls.ColorPicker\Colors\CMYK.cs","51","5","51","57","0","0","0","0","0","0","0","0","0","0","0","1","1","1","0","0","0","0","0","1","0","0","1","1","0","0","0","0","0","0","0","0","0","0","0","0"
"L790","WithY","ThemeEditor.Controls.ColorPicker.Colors.CMYK.WithY(double)ThemeEditor.Controls.ColorPicker.Colors.CMYK","L749","L177","D:\DataCollection\repos\wieslawsoltes_ColorPicker\src\ThemeEditor.Controls.ColorPicker\Colors\CMYK.cs","53","5","53","57","0","0","0","0","0","0","0","0","0","0","0","1","1","1","0","0","0","0","0","1","0","0","1","1","0","0","0","0","0","0","0","0","0","0","0","0"
"L792","WithK","ThemeEditor.Controls.ColorPicker.Colors.CMYK.WithK(double)ThemeEditor.Controls.ColorPicker.Colors.CMYK","L749","L177","D:\DataCollection\repos\wieslawsoltes_ColorPicker\src\ThemeEditor.Controls.ColorPicker\Colors\CMYK.cs","55","5","55","57","0","0","0","0","0","0","0","0","0","0","0","1","1","1","0","0","0","0","0","1","0","0","1","1","0","0","0","0","0","0","0","0","0","0","0","0"
"L794","ToRGB","ThemeEditor.Controls.ColorPicker.Colors.CMYK.ToRGB()ThemeEditor.Controls.ColorPicker.Colors.RGB","L749","L177","D:\DataCollection\repos\wieslawsoltes_ColorPicker\src\ThemeEditor.Controls.ColorPicker\Colors\CMYK.cs","57","5","57","45","0","0","0","0","0","0","0","0","0","0","0","1","1","1","0","0","0","0","0","0","0","0","1","1","0","0","0","0","0","0","0","0","0","0","0","0"
"L795","ToHSV","ThemeEditor.Controls.ColorPicker.Colors.CMYK.ToHSV()ThemeEditor.Controls.ColorPicker.Colors.HSV","L749","L177","D:\DataCollection\repos\wieslawsoltes_ColorPicker\src\ThemeEditor.Controls.ColorPicker\Colors\CMYK.cs","59","5","59","45","0","0","0","0","0","0","0","0","0","0","0","1","1","1","0","0","0","0","0","0","0","0","1","1","0","0","0","0","0","0","0","0","0","0","0","0"
"L796","ToRGB","ThemeEditor.Controls.ColorPicker.Colors.CMYK.ToRGB(double, double, double, double)ThemeEditor.Controls.ColorPicker.Colors.RGB","L749","L177","D:\DataCollection\repos\wieslawsoltes_ColorPicker\src\ThemeEditor.Controls.ColorPicker\Colors\CMYK.cs","61","5","81","6","0","0","0","0","0","0","0","0","0","0","0","17","21","1","0","0","0","1","14","4","0","0","17","21","14","0","0","0","0","0","0","0","0","0","0","0"
"L803","ToHSV","ThemeEditor.Controls.ColorPicker.Colors.CMYK.ToHSV(double, double, double, double)ThemeEditor.Controls.ColorPicker.Colors.HSV","L749","L177","D:\DataCollection\repos\wieslawsoltes_ColorPicker\src\ThemeEditor.Controls.ColorPicker\Colors\CMYK.cs","83","5","86","6","0","0","0","0","0","0","0","0","0","0","0","4","4","1","0","0","0","2","1","4","0","0","4","4","1","0","0","0","0","0","0","0","0","0","0","0"
"L476","get_H","ThemeEditor.Controls.ColorPicker.Colors.HSV.H.getdouble","L488","L177","D:\DataCollection\repos\wieslawsoltes_ColorPicker\src\ThemeEditor.Controls.ColorPicker\Colors\HSV.cs","7","23","7","27","0","0","0","0","0","0","0","0","0","0","0","1","1","1","0","0","0","0","0","0","0","0","1","1","0","0","0","0","0","0","0","0","0","0","0","0"
"L478","get_S","ThemeEditor.Controls.ColorPicker.Colors.HSV.S.getdouble","L488","L177","D:\DataCollection\repos\wieslawsoltes_ColorPicker\src\ThemeEditor.Controls.ColorPicker\Colors\HSV.cs","9","23","9","27","0","0","0","0","0","0","0","0","0","0","0","1","1","1","0","0","0","0","0","0","0","0","1","1","0","0","0","0","0","0","0","0","0","0","0","0"
"L480","get_V","ThemeEditor.Controls.ColorPicker.Colors.HSV.V.getdouble","L488","L177","D:\DataCollection\repos\wieslawsoltes_ColorPicker\src\ThemeEditor.Controls.ColorPicker\Colors\HSV.cs","11","23","11","27","0","0","0","0","0","0","0","0","0","0","0","1","1","1","0","0","0","0","0","0","0","0","1","1","0","0","0","0","0","0","0","0","0","0","0","0"
"L491",".ctor","ThemeEditor.Controls.ColorPicker.Colors.HSV.HSV(double, double, double)void","L488","L177","D:\DataCollection\repos\wieslawsoltes_ColorPicker\src\ThemeEditor.Controls.ColorPicker\Colors\HSV.cs","13","5","18","6","0","0","0","0","0","0","0","0","0","0","0","6","6","1","0","0","0","3","3","3","0","0","6","6","3","0","0","0","0","0","0","0","0","0","0","0"
"L818",".ctor","ThemeEditor.Controls.ColorPicker.Colors.HSV.HSV(ThemeEditor.Controls.ColorPicker.Colors.HSV)void","L488","L177","D:\DataCollection\repos\wieslawsoltes_ColorPicker\src\ThemeEditor.Controls.ColorPicker\Colors\HSV.cs","20","5","25","6","0","0","0","0","0","0","0","0","0","0","0","6","6","1","0","0","0","3","3","1","0","0","6","6","3","0","0","0","0","0","0","0","0","0","0","0"
"L820",".ctor","ThemeEditor.Controls.ColorPicker.Colors.HSV.HSV(ThemeEditor.Controls.ColorPicker.Colors.RGB)void","L488","L177","D:\DataCollection\repos\wieslawsoltes_ColorPicker\src\ThemeEditor.Controls.ColorPicker\Colors\HSV.cs","27","5","33","6","0","0","0","0","0","0","0","0","0","0","0","7","7","1","0","0","0","4","4","1","0","0","7","7","4","0","0","0","0","0","0","0","0","0","0","0"
"L822",".ctor","ThemeEditor.Controls.ColorPicker.Colors.HSV.HSV(ThemeEditor.Controls.ColorPicker.Colors.CMYK)void","L488","L177","D:\DataCollection\repos\wieslawsoltes_ColorPicker\src\ThemeEditor.Controls.ColorPicker\Colors\HSV.cs","35","5","41","6","0","0","0","0","0","0","0","0","0","0","0","7","7","1","0","0","0","4","4","1","0","0","7","7","4","0","0","0","0","0","0","0","0","0","0","0"
"L825","WithH","ThemeEditor.Controls.ColorPicker.Colors.HSV.WithH(double)ThemeEditor.Controls.ColorPicker.Colors.HSV","L488","L177","D:\DataCollection\repos\wieslawsoltes_ColorPicker\src\ThemeEditor.Controls.ColorPicker\Colors\HSV.cs","43","5","43","52","0","0","0","0","0","0","0","0","0","0","0","1","1","1","0","0","0","0","0","1","0","0","1","1","0","0","0","0","0","0","0","0","0","0","0","0"
"L827","WithS","ThemeEditor.Controls.ColorPicker.Colors.HSV.WithS(double)ThemeEditor.Controls.ColorPicker.Colors.HSV","L488","L177","D:\DataCollection\repos\wieslawsoltes_ColorPicker\src\ThemeEditor.Controls.ColorPicker\Colors\HSV.cs","45","5","45","52","0","0","0","0","0","0","0","0","0","0","0","1","1","1","0","0","0","0","0","1","0","0","1","1","0","0","0","0","0","0","0","0","0","0","0","0"
"L829","WithV","ThemeEditor.Controls.ColorPicker.Colors.HSV.WithV(double)ThemeEditor.Controls.ColorPicker.Colors.HSV","L488","L177","D:\DataCollection\repos\wieslawsoltes_ColorPicker\src\ThemeEditor.Controls.ColorPicker\Colors\HSV.cs","47","5","47","52","0","0","0","0","0","0","0","0","0","0","0","1","1","1","0","0","0","0","0","1","0","0","1","1","0","0","0","0","0","0","0","0","0","0","0","0"
"L493","ToRGB","ThemeEditor.Controls.ColorPicker.Colors.HSV.ToRGB()ThemeEditor.Controls.ColorPicker.Colors.RGB","L488","L177","D:\DataCollection\repos\wieslawsoltes_ColorPicker\src\ThemeEditor.Controls.ColorPicker\Colors\HSV.cs","49","5","49","42","0","0","0","0","0","0","0","0","0","0","0","1","1","1","0","0","0","0","0","0","0","0","1","1","0","0","0","0","0","0","0","0","0","0","0","0"
"L784","ToCMYK","ThemeEditor.Controls.ColorPicker.Colors.HSV.ToCMYK()ThemeEditor.Controls.ColorPicker.Colors.CMYK","L488","L177","D:\DataCollection\repos\wieslawsoltes_ColorPicker\src\ThemeEditor.Controls.ColorPicker\Colors\HSV.cs","51","5","51","45","0","0","0","0","0","0","0","0","0","0","0","1","1","1","0","0","0","0","0","0","0","0","1","1","0","0","0","0","0","0","0","0","0","0","0","0"
"L831","ToRGB","ThemeEditor.Controls.ColorPicker.Colors.HSV.ToRGB(double, double, double)ThemeEditor.Controls.ColorPicker.Colors.RGB","L488","L177","D:\DataCollection\repos\wieslawsoltes_ColorPicker\src\ThemeEditor.Controls.ColorPicker\Colors\HSV.cs","53","5","117","6","0","0","0","0","0","0","0","0","0","0","0","59","65","8","0","0","0","1","46","3","0","0","59","65","46","0","0","0","0","0","0","0","0","0","0","0"
"L835","ToCMYK","ThemeEditor.Controls.ColorPicker.Colors.HSV.ToCMYK(double, double, double)ThemeEditor.Controls.ColorPicker.Colors.CMYK","L488","L177","D:\DataCollection\repos\wieslawsoltes_ColorPicker\src\ThemeEditor.Controls.ColorPicker\Colors\HSV.cs","119","5","122","6","0","0","0","0","0","0","0","0","0","0","0","4","4","1","0","0","0","2","1","3","0","0","4","4","1","0","0","0","0","0","0","0","0","0","0","0"
"L495","get_R","ThemeEditor.Controls.ColorPicker.Colors.RGB.R.getdouble","L471","L177","D:\DataCollection\repos\wieslawsoltes_ColorPicker\src\ThemeEditor.Controls.ColorPicker\Colors\RGB.cs","7","23","7","27","0","0","0","0","0","0","0","0","0","0","0","1","1","1","0","0","0","0","0","0","0","0","1","1","0","0","0","0","0","0","0","0","0","0","0","0"
"L497","get_G","ThemeEditor.Controls.ColorPicker.Colors.RGB.G.getdouble","L471","L177","D:\DataCollection\repos\wieslawsoltes_ColorPicker\src\ThemeEditor.Controls.ColorPicker\Colors\RGB.cs","9","23","9","27","0","0","0","0","0","0","0","0","0","0","0","1","1","1","0","0","0","0","0","0","0","0","1","1","0","0","0","0","0","0","0","0","0","0","0","0"
"L499","get_B","ThemeEditor.Controls.ColorPicker.Colors.RGB.B.getdouble","L471","L177","D:\DataCollection\repos\wieslawsoltes_ColorPicker\src\ThemeEditor.Controls.ColorPicker\Colors\RGB.cs","11","23","11","27","0","0","0","0","0","0","0","0","0","0","0","1","1","1","0","0","0","0","0","0","0","0","1","1","0","0","0","0","0","0","0","0","0","0","0","0"
"L801",".ctor","ThemeEditor.Controls.ColorPicker.Colors.RGB.RGB(double, double, double)void","L471","L177","D:\DataCollection\repos\wieslawsoltes_ColorPicker\src\ThemeEditor.Controls.ColorPicker\Colors\RGB.cs","13","5","18","6","0","0","0","0","0","0","0","0","0","0","0","6","6","1","0","0","0","3","3","3","0","0","6","6","3","0","0","0","0","0","0","0","0","0","0","0"
"L849",".ctor","ThemeEditor.Controls.ColorPicker.Colors.RGB.RGB(ThemeEditor.Controls.ColorPicker.Colors.RGB)void","L471","L177","D:\DataCollection\repos\wieslawsoltes_ColorPicker\src\ThemeEditor.Controls.ColorPicker\Colors\RGB.cs","20","5","25","6","0","0","0","0","0","0","0","0","0","0","0","6","6","1","0","0","0","3","3","1","0","0","6","6","3","0","0","0","0","0","0","0","0","0","0","0"
"L851",".ctor","ThemeEditor.Controls.ColorPicker.Colors.RGB.RGB(ThemeEditor.Controls.ColorPicker.Colors.HSV)void","L471","L177","D:\DataCollection\repos\wieslawsoltes_ColorPicker\src\ThemeEditor.Controls.ColorPicker\Colors\RGB.cs","27","5","33","6","0","0","0","0","0","0","0","0","0","0","0","7","7","1","0","0","0","4","4","1","0","0","7","7","4","0","0","0","0","0","0","0","0","0","0","0"
"L853",".ctor","ThemeEditor.Controls.ColorPicker.Colors.RGB.RGB(ThemeEditor.Controls.ColorPicker.Colors.CMYK)void","L471","L177","D:\DataCollection\repos\wieslawsoltes_ColorPicker\src\ThemeEditor.Controls.ColorPicker\Colors\RGB.cs","35","5","41","6","0","0","0","0","0","0","0","0","0","0","0","7","7","1","0","0","0","4","4","1","0","0","7","7","4","0","0","0","0","0","0","0","0","0","0","0"
"L856","WithR","ThemeEditor.Controls.ColorPicker.Colors.RGB.WithR(double)ThemeEditor.Controls.ColorPicker.Colors.RGB","L471","L177","D:\DataCollection\repos\wieslawsoltes_ColorPicker\src\ThemeEditor.Controls.ColorPicker\Colors\RGB.cs","43","5","43","52","0","0","0","0","0","0","0","0","0","0","0","1","1","1","0","0","0","0","0","1","0","0","1","1","0","0","0","0","0","0","0","0","0","0","0","0"
"L858","WithG","ThemeEditor.Controls.ColorPicker.Colors.RGB.WithG(double)ThemeEditor.Controls.ColorPicker.Colors.RGB","L471","L177","D:\DataCollection\repos\wieslawsoltes_ColorPicker\src\ThemeEditor.Controls.ColorPicker\Colors\RGB.cs","45","5","45","52","0","0","0","0","0","0","0","0","0","0","0","1","1","1","0","0","0","0","0","1","0","0","1","1","0","0","0","0","0","0","0","0","0","0","0","0"
"L860","WithB","ThemeEditor.Controls.ColorPicker.Colors.RGB.WithB(double)ThemeEditor.Controls.ColorPicker.Colors.RGB","L471","L177","D:\DataCollection\repos\wieslawsoltes_ColorPicker\src\ThemeEditor.Controls.ColorPicker\Colors\RGB.cs","47","5","47","52","0","0","0","0","0","0","0","0","0","0","0","1","1","1","0","0","0","0","0","1","0","0","1","1","0","0","0","0","0","0","0","0","0","0","0","0"
"L474","ToHSV","ThemeEditor.Controls.ColorPicker.Colors.RGB.ToHSV()ThemeEditor.Controls.ColorPicker.Colors.HSV","L471","L177","D:\DataCollection\repos\wieslawsoltes_ColorPicker\src\ThemeEditor.Controls.ColorPicker\Colors\RGB.cs","49","5","49","42","0","0","0","0","0","0","0","0","0","0","0","1","1","1","0","0","0","0","0","0","0","0","1","1","0","0","0","0","0","0","0","0","0","0","0","0"
"L780","ToCMYK","ThemeEditor.Controls.ColorPicker.Colors.RGB.ToCMYK()ThemeEditor.Controls.ColorPicker.Colors.CMYK","L471","L177","D:\DataCollection\repos\wieslawsoltes_ColorPicker\src\ThemeEditor.Controls.ColorPicker\Colors\RGB.cs","51","5","51","45","0","0","0","0","0","0","0","0","0","0","0","1","1","1","0","0","0","0","0","0","0","0","1","1","0","0","0","0","0","0","0","0","0","0","0","0"
"L862","ToHSV","ThemeEditor.Controls.ColorPicker.Colors.RGB.ToHSV(double, double, double)ThemeEditor.Controls.ColorPicker.Colors.HSV","L471","L177","D:\DataCollection\repos\wieslawsoltes_ColorPicker\src\ThemeEditor.Controls.ColorPicker\Colors\RGB.cs","53","5","101","6","0","0","0","0","0","0","0","0","0","0","0","42","49","7","0","0","0","1","21","3","0","0","42","49","21","0","0","0","0","0","0","0","0","0","0","0"
"L866","ToCMYK","ThemeEditor.Controls.ColorPicker.Colors.RGB.ToCMYK(double, double, double)ThemeEditor.Controls.ColorPicker.Colors.CMYK","L471","L177","D:\DataCollection\repos\wieslawsoltes_ColorPicker\src\ThemeEditor.Controls.ColorPicker\Colors\RGB.cs","103","5","125","6","0","0","0","0","0","0","0","0","0","0","0","19","23","1","0","0","0","1","16","3","0","0","19","23","16","0","0","0","0","0","0","0","0","0","0","0"
"L876","Convert","ThemeEditor.Controls.ColorPicker.Converters.AlphaConverter.Convert(object?, Type, object?, CultureInfo)object","L872","L177","D:\DataCollection\repos\wieslawsoltes_ColorPicker\src\ThemeEditor.Controls.ColorPicker\Converters\AlphaConverter.cs","12","5","19","6","0","0","0","0","0","0","0","0","0","0","0","8","8","5","0","0","0","0","3","4","0","0","8","8","3","0","0","0","0","0","0","0","0","0","0","0"
"L887","ConvertBack","ThemeEditor.Controls.ColorPicker.Converters.AlphaConverter.ConvertBack(object?, Type, object?, CultureInfo)object","L872","L177","D:\DataCollection\repos\wieslawsoltes_ColorPicker\src\ThemeEditor.Controls.ColorPicker\Converters\AlphaConverter.cs","21","5","28","6","0","0","0","0","0","0","0","0","0","0","0","8","8","5","0","0","0","0","3","4","0","0","8","8","3","0","0","0","0","0","0","0","0","0","0","0"
"L896","Convert","ThemeEditor.Controls.ColorPicker.Converters.HexToColorConverter.Convert(object?, Type, object?, CultureInfo)object","L892","L177","D:\DataCollection\repos\wieslawsoltes_ColorPicker\src\ThemeEditor.Controls.ColorPicker\Converters\HexToColorConverter.cs","13","5","30","6","0","0","0","0","0","0","0","0","0","0","0","18","18","6","0","0","0","1","6","4","0","0","18","18","6","0","0","0","0","0","0","0","0","0","0","0"
"L902","ConvertBack","ThemeEditor.Controls.ColorPicker.Converters.HexToColorConverter.ConvertBack(object?, Type, object?, CultureInfo)object","L892","L177","D:\DataCollection\repos\wieslawsoltes_ColorPicker\src\ThemeEditor.Controls.ColorPicker\Converters\HexToColorConverter.cs","32","5","46","6","0","0","0","0","0","0","0","0","0","0","0","15","15","4","0","0","0","1","5","4","0","0","15","15","5","0","0","0","0","0","0","0","0","0","0","0"
"L915","Convert","ThemeEditor.Controls.ColorPicker.Converters.HsvaToColorConverter.Convert(IList<object?>?, Type, object?, CultureInfo)object","L908","L177","D:\DataCollection\repos\wieslawsoltes_ColorPicker\src\ThemeEditor.Controls.ColorPicker\Converters\HsvaToColorConverter.cs","14","5","25","6","0","0","0","0","0","0","0","0","0","0","0","12","12","3","0","0","0","0","5","4","0","0","12","12","5","0","0","0","0","0","0","0","0","0","0","0"
"L931","Convert","ThemeEditor.Controls.ColorPicker.Converters.HueConverter.Convert(object?, Type, object?, CultureInfo)object","L927","L177","D:\DataCollection\repos\wieslawsoltes_ColorPicker\src\ThemeEditor.Controls.ColorPicker\Converters\HueConverter.cs","12","5","19","6","0","0","0","0","0","0","0","0","0","0","0","8","8","5","0","0","0","0","3","4","0","0","8","8","3","0","0","0","0","0","0","0","0","0","0","0"
"L936","ConvertBack","ThemeEditor.Controls.ColorPicker.Converters.HueConverter.ConvertBack(object?, Type, object?, CultureInfo)object","L927","L177","D:\DataCollection\repos\wieslawsoltes_ColorPicker\src\ThemeEditor.Controls.ColorPicker\Converters\HueConverter.cs","21","5","28","6","0","0","0","0","0","0","0","0","0","0","0","8","8","5","0","0","0","0","3","4","0","0","8","8","3","0","0","0","0","0","0","0","0","0","0","0"
"L945","Convert","ThemeEditor.Controls.ColorPicker.Converters.HueToColorConverter.Convert(object?, Type, object?, CultureInfo)object","L941","L177","D:\DataCollection\repos\wieslawsoltes_ColorPicker\src\ThemeEditor.Controls.ColorPicker\Converters\HueToColorConverter.cs","13","5","20","6","0","0","0","0","0","0","0","0","0","0","0","8","8","3","0","0","0","1","3","4","0","0","8","8","3","0","0","0","0","0","0","0","0","0","0","0"
"L950","ConvertBack","ThemeEditor.Controls.ColorPicker.Converters.HueToColorConverter.ConvertBack(object?, Type, object?, CultureInfo)object","L941","L177","D:\DataCollection\repos\wieslawsoltes_ColorPicker\src\ThemeEditor.Controls.ColorPicker\Converters\HueToColorConverter.cs","22","5","40","6","0","0","0","0","0","0","0","0","0","0","0","19","19","5","0","0","0","2","7","4","0","0","19","19","7","0","0","0","0","0","0","0","0","0","0","0"
"L960","Convert","ThemeEditor.Controls.ColorPicker.Converters.SaturationConverter.Convert(object?, Type, object?, CultureInfo)object","L956","L177","D:\DataCollection\repos\wieslawsoltes_ColorPicker\src\ThemeEditor.Controls.ColorPicker\Converters\SaturationConverter.cs","12","5","19","6","0","0","0","0","0","0","0","0","0","0","0","8","8","5","0","0","0","0","3","4","0","0","8","8","3","0","0","0","0","0","0","0","0","0","0","0"
"L965","ConvertBack","ThemeEditor.Controls.ColorPicker.Converters.SaturationConverter.ConvertBack(object?, Type, object?, CultureInfo)object","L956","L177","D:\DataCollection\repos\wieslawsoltes_ColorPicker\src\ThemeEditor.Controls.ColorPicker\Converters\SaturationConverter.cs","21","5","28","6","0","0","0","0","0","0","0","0","0","0","0","8","8","5","0","0","0","0","3","4","0","0","8","8","3","0","0","0","0","0","0","0","0","0","0","0"
"L974","Convert","ThemeEditor.Controls.ColorPicker.Converters.ValueConverter.Convert(object?, Type, object?, CultureInfo)object","L970","L177","D:\DataCollection\repos\wieslawsoltes_ColorPicker\src\ThemeEditor.Controls.ColorPicker\Converters\ValueConverter.cs","12","5","19","6","0","0","0","0","0","0","0","0","0","0","0","8","8","5","0","0","0","0","3","4","0","0","8","8","3","0","0","0","0","0","0","0","0","0","0","0"
"L979","ConvertBack","ThemeEditor.Controls.ColorPicker.Converters.ValueConverter.ConvertBack(object?, Type, object?, CultureInfo)object","L970","L177","D:\DataCollection\repos\wieslawsoltes_ColorPicker\src\ThemeEditor.Controls.ColorPicker\Converters\ValueConverter.cs","21","5","28","6","0","0","0","0","0","0","0","0","0","0","0","8","8","5","0","0","0","0","3","4","0","0","8","8","3","0","0","0","0","0","0","0","0","0","0","0"
"L282",".ctor","ThemeEditor.Controls.ColorPicker.Props.AlphaProperties.AlphaProperties()void","L279","L177","D:\DataCollection\repos\wieslawsoltes_ColorPicker\src\ThemeEditor.Controls.ColorPicker\Props\AlphaProperties.cs","13","5","17","6","0","0","0","0","0","0","0","0","0","0","0","5","5","1","0","0","0","0","2","0","0","0","5","5","2","0","0","0","0","0","0","0","0","0","0","0"
"L993","get_Alpha","ThemeEditor.Controls.ColorPicker.Props.AlphaProperties.Alpha.getdouble?","L279","L177","D:\DataCollection\repos\wieslawsoltes_ColorPicker\src\ThemeEditor.Controls.ColorPicker\Props\AlphaProperties.cs","21","9","21","40","0","0","0","0","0","0","0","0","0","0","0","1","1","1","0","0","0","0","0","0","0","0","1","1","0","0","0","0","0","0","0","0","0","0","0","0"
"L996","set_Alpha","ThemeEditor.Controls.ColorPicker.Props.AlphaProperties.Alpha.setvoid","L279","L177","D:\DataCollection\repos\wieslawsoltes_ColorPicker\src\ThemeEditor.Controls.ColorPicker\Props\AlphaProperties.cs","22","9","22","47","0","0","0","0","0","0","0","0","0","0","0","1","1","1","0","0","0","0","0","1","0","0","1","1","0","0","0","0","0","0","0","0","0","0","0","0"
"L991","UpdateColorPickerValues","ThemeEditor.Controls.ColorPicker.Props.AlphaProperties.UpdateColorPickerValues()void","L279","L177","D:\DataCollection\repos\wieslawsoltes_ColorPicker\src\ThemeEditor.Controls.ColorPicker\Props\AlphaProperties.cs","25","5","33","6","0","0","0","0","0","0","0","0","0","0","0","9","9","4","0","0","0","3","4","0","0","0","9","9","4","0","0","0","0","0","0","0","0","0","0","0"
"L1000","UpdatePropertyValues","ThemeEditor.Controls.ColorPicker.Props.AlphaProperties.UpdatePropertyValues()void","L279","L177","D:\DataCollection\repos\wieslawsoltes_ColorPicker\src\ThemeEditor.Controls.ColorPicker\Props\AlphaProperties.cs","35","5","43","6","0","0","0","0","0","0","0","0","0","0","0","9","9","3","0","0","0","3","4","0","0","0","9","9","4","0","0","0","0","0","0","0","0","0","0","0"
"L297",".ctor","ThemeEditor.Controls.ColorPicker.Props.CmykProperties.CmykProperties()void","L294","L177","D:\DataCollection\repos\wieslawsoltes_ColorPicker\src\ThemeEditor.Controls.ColorPicker\Props\CmykProperties.cs","23","5","29","6","0","0","0","0","0","0","0","0","0","0","0","7","7","1","0","0","0","0","4","0","0","0","7","7","4","0","0","0","0","0","0","0","0","0","0","0"
"L1021","get_Cyan","ThemeEditor.Controls.ColorPicker.Props.CmykProperties.Cyan.getdouble?","L294","L177","D:\DataCollection\repos\wieslawsoltes_ColorPicker\src\ThemeEditor.Controls.ColorPicker\Props\CmykProperties.cs","33","9","33","39","0","0","0","0","0","0","0","0","0","0","0","1","1","1","0","0","0","0","0","0","0","0","1","1","0","0","0","0","0","0","0","0","0","0","0","0"
"L1024","set_Cyan","ThemeEditor.Controls.ColorPicker.Props.CmykProperties.Cyan.setvoid","L294","L177","D:\DataCollection\repos\wieslawsoltes_ColorPicker\src\ThemeEditor.Controls.ColorPicker\Props\CmykProperties.cs","34","9","34","46","0","0","0","0","0","0","0","0","0","0","0","1","1","1","0","0","0","0","0","1","0","0","1","1","0","0","0","0","0","0","0","0","0","0","0","0"
"L1026","get_Magenta","ThemeEditor.Controls.ColorPicker.Props.CmykProperties.Magenta.getdouble?","L294","L177","D:\DataCollection\repos\wieslawsoltes_ColorPicker\src\ThemeEditor.Controls.ColorPicker\Props\CmykProperties.cs","39","9","39","42","0","0","0","0","0","0","0","0","0","0","0","1","1","1","0","0","0","0","0","0","0","0","1","1","0","0","0","0","0","0","0","0","0","0","0","0"
"L1029","set_Magenta","ThemeEditor.Controls.ColorPicker.Props.CmykProperties.Magenta.setvoid","L294","L177","D:\DataCollection\repos\wieslawsoltes_ColorPicker\src\ThemeEditor.Controls.ColorPicker\Props\CmykProperties.cs","40","9","40","49","0","0","0","0","0","0","0","0","0","0","0","1","1","1","0","0","0","0","0","1","0","0","1","1","0","0","0","0","0","0","0","0","0","0","0","0"
"L1031","get_Yellow","ThemeEditor.Controls.ColorPicker.Props.CmykProperties.Yellow.getdouble?","L294","L177","D:\DataCollection\repos\wieslawsoltes_ColorPicker\src\ThemeEditor.Controls.ColorPicker\Props\CmykProperties.cs","45","9","45","41","0","0","0","0","0","0","0","0","0","0","0","1","1","1","0","0","0","0","0","0","0","0","1","1","0","0","0","0","0","0","0","0","0","0","0","0"
"L1034","set_Yellow","ThemeEditor.Controls.ColorPicker.Props.CmykProperties.Yellow.setvoid","L294","L177","D:\DataCollection\repos\wieslawsoltes_ColorPicker\src\ThemeEditor.Controls.ColorPicker\Props\CmykProperties.cs","46","9","46","48","0","0","0","0","0","0","0","0","0","0","0","1","1","1","0","0","0","0","0","1","0","0","1","1","0","0","0","0","0","0","0","0","0","0","0","0"
"L1036","get_BlackKey","ThemeEditor.Controls.ColorPicker.Props.CmykProperties.BlackKey.getdouble?","L294","L177","D:\DataCollection\repos\wieslawsoltes_ColorPicker\src\ThemeEditor.Controls.ColorPicker\Props\CmykProperties.cs","51","9","51","43","0","0","0","0","0","0","0","0","0","0","0","1","1","1","0","0","0","0","0","0","0","0","1","1","0","0","0","0","0","0","0","0","0","0","0","0"
"L1039","set_BlackKey","ThemeEditor.Controls.ColorPicker.Props.CmykProperties.BlackKey.setvoid","L294","L177","D:\DataCollection\repos\wieslawsoltes_ColorPicker\src\ThemeEditor.Controls.ColorPicker\Props\CmykProperties.cs","52","9","52","50","0","0","0","0","0","0","0","0","0","0","0","1","1","1","0","0","0","0","0","1","0","0","1","1","0","0","0","0","0","0","0","0","0","0","0","0"
"L1010","UpdateColorPickerValues","ThemeEditor.Controls.ColorPicker.Props.CmykProperties.UpdateColorPickerValues()void","L294","L177","D:\DataCollection\repos\wieslawsoltes_ColorPicker\src\ThemeEditor.Controls.ColorPicker\Props\CmykProperties.cs","55","5","67","6","0","0","0","0","0","0","0","0","0","0","0","13","13","7","0","0","0","9","8","0","0","0","13","13","8","0","0","0","0","0","0","0","0","0","0","0"
"L1046","UpdatePropertyValues","ThemeEditor.Controls.ColorPicker.Props.CmykProperties.UpdatePropertyValues()void","L294","L177","D:\DataCollection\repos\wieslawsoltes_ColorPicker\src\ThemeEditor.Controls.ColorPicker\Props\CmykProperties.cs","69","5","82","6","0","0","0","0","0","0","0","0","0","0","0","14","14","6","0","0","0","9","9","0","0","0","14","14","9","0","0","0","0","0","0","0","0","0","0","0"
"L277",".ctor","ThemeEditor.Controls.ColorPicker.Props.HexProperties.HexProperties()void","L270","L177","D:\DataCollection\repos\wieslawsoltes_ColorPicker\src\ThemeEditor.Controls.ColorPicker\Props\HexProperties.cs","14","5","18","6","0","0","0","0","0","0","0","0","0","0","0","5","5","1","0","0","0","0","2","0","0","0","5","5","2","0","0","0","0","0","0","0","0","0","0","0"
"L1058","get_Hex","ThemeEditor.Controls.ColorPicker.Props.HexProperties.Hex.getstring?","L270","L177","D:\DataCollection\repos\wieslawsoltes_ColorPicker\src\ThemeEditor.Controls.ColorPicker\Props\HexProperties.cs","22","9","22","38","0","0","0","0","0","0","0","0","0","0","0","1","1","1","0","0","0","0","0","0","0","0","1","1","0","0","0","0","0","0","0","0","0","0","0","0"
"L1061","set_Hex","ThemeEditor.Controls.ColorPicker.Props.HexProperties.Hex.setvoid","L270","L177","D:\DataCollection\repos\wieslawsoltes_ColorPicker\src\ThemeEditor.Controls.ColorPicker\Props\HexProperties.cs","23","9","23","45","0","0","0","0","0","0","0","0","0","0","0","1","1","1","0","0","0","0","0","1","0","0","1","1","0","0","0","0","0","0","0","0","0","0","0","0"
"L1056","UpdateColorPickerValues","ThemeEditor.Controls.ColorPicker.Props.HexProperties.UpdateColorPickerValues()void","L270","L177","D:\DataCollection\repos\wieslawsoltes_ColorPicker\src\ThemeEditor.Controls.ColorPicker\Props\HexProperties.cs","26","5","39","6","0","0","0","0","0","0","0","0","0","0","0","14","14","4","0","0","0","2","9","0","0","0","14","14","9","0","0","0","0","0","1","0","0","0","0","0"
"L1064","UpdatePropertyValues","ThemeEditor.Controls.ColorPicker.Props.HexProperties.UpdatePropertyValues()void","L270","L177","D:\DataCollection\repos\wieslawsoltes_ColorPicker\src\ThemeEditor.Controls.ColorPicker\Props\HexProperties.cs","41","5","50","6","0","0","0","0","0","0","0","0","0","0","0","10","10","7","0","0","0","6","5","0","0","0","10","10","5","0","0","0","0","0","0","0","0","0","0","0"
"L292",".ctor","ThemeEditor.Controls.ColorPicker.Props.HsvProperties.HsvProperties()void","L289","L177","D:\DataCollection\repos\wieslawsoltes_ColorPicker\src\ThemeEditor.Controls.ColorPicker\Props\HsvProperties.cs","19","5","24","6","0","0","0","0","0","0","0","0","0","0","0","6","6","1","0","0","0","0","3","0","0","0","6","6","3","0","0","0","0","0","0","0","0","0","0","0"
"L1080","get_Hue","ThemeEditor.Controls.ColorPicker.Props.HsvProperties.Hue.getdouble?","L289","L177","D:\DataCollection\repos\wieslawsoltes_ColorPicker\src\ThemeEditor.Controls.ColorPicker\Props\HsvProperties.cs","28","9","28","38","0","0","0","0","0","0","0","0","0","0","0","1","1","1","0","0","0","0","0","0","0","0","1","1","0","0","0","0","0","0","0","0","0","0","0","0"
"L1083","set_Hue","ThemeEditor.Controls.ColorPicker.Props.HsvProperties.Hue.setvoid","L289","L177","D:\DataCollection\repos\wieslawsoltes_ColorPicker\src\ThemeEditor.Controls.ColorPicker\Props\HsvProperties.cs","29","9","29","45","0","0","0","0","0","0","0","0","0","0","0","1","1","1","0","0","0","0","0","1","0","0","1","1","0","0","0","0","0","0","0","0","0","0","0","0"
"L1085","get_Saturation","ThemeEditor.Controls.ColorPicker.Props.HsvProperties.Saturation.getdouble?","L289","L177","D:\DataCollection\repos\wieslawsoltes_ColorPicker\src\ThemeEditor.Controls.ColorPicker\Props\HsvProperties.cs","34","9","34","45","0","0","0","0","0","0","0","0","0","0","0","1","1","1","0","0","0","0","0","0","0","0","1","1","0","0","0","0","0","0","0","0","0","0","0","0"
"L1088","set_Saturation","ThemeEditor.Controls.ColorPicker.Props.HsvProperties.Saturation.setvoid","L289","L177","D:\DataCollection\repos\wieslawsoltes_ColorPicker\src\ThemeEditor.Controls.ColorPicker\Props\HsvProperties.cs","35","9","35","52","0","0","0","0","0","0","0","0","0","0","0","1","1","1","0","0","0","0","0","1","0","0","1","1","0","0","0","0","0","0","0","0","0","0","0","0"
"L1090","get_Value","ThemeEditor.Controls.ColorPicker.Props.HsvProperties.Value.getdouble?","L289","L177","D:\DataCollection\repos\wieslawsoltes_ColorPicker\src\ThemeEditor.Controls.ColorPicker\Props\HsvProperties.cs","40","9","40","40","0","0","0","0","0","0","0","0","0","0","0","1","1","1","0","0","0","0","0","0","0","0","1","1","0","0","0","0","0","0","0","0","0","0","0","0"
"L1093","set_Value","ThemeEditor.Controls.ColorPicker.Props.HsvProperties.Value.setvoid","L289","L177","D:\DataCollection\repos\wieslawsoltes_ColorPicker\src\ThemeEditor.Controls.ColorPicker\Props\HsvProperties.cs","41","9","41","47","0","0","0","0","0","0","0","0","0","0","0","1","1","1","0","0","0","0","0","1","0","0","1","1","0","0","0","0","0","0","0","0","0","0","0","0"
"L1072","UpdateColorPickerValues","ThemeEditor.Controls.ColorPicker.Props.HsvProperties.UpdateColorPickerValues()void","L289","L177","D:\DataCollection\repos\wieslawsoltes_ColorPicker\src\ThemeEditor.Controls.ColorPicker\Props\HsvProperties.cs","44","5","54","6","0","0","0","0","0","0","0","0","0","0","0","11","11","3","0","0","0","4","6","0","0","0","11","11","6","0","0","0","0","0","0","0","0","0","0","0"
"L1099","UpdatePropertyValues","ThemeEditor.Controls.ColorPicker.Props.HsvProperties.UpdatePropertyValues()void","L289","L177","D:\DataCollection\repos\wieslawsoltes_ColorPicker\src\ThemeEditor.Controls.ColorPicker\Props\HsvProperties.cs","56","5","66","6","0","0","0","0","0","0","0","0","0","0","0","11","11","3","0","0","0","4","6","0","0","0","11","11","6","0","0","0","0","0","0","0","0","0","0","0"
"L287",".ctor","ThemeEditor.Controls.ColorPicker.Props.RgbProperties.RgbProperties()void","L284","L177","D:\DataCollection\repos\wieslawsoltes_ColorPicker\src\ThemeEditor.Controls.ColorPicker\Props\RgbProperties.cs","20","5","25","6","0","0","0","0","0","0","0","0","0","0","0","6","6","1","0","0","0","0","3","0","0","0","6","6","3","0","0","0","0","0","0","0","0","0","0","0"
"L1121","get_Red","ThemeEditor.Controls.ColorPicker.Props.RgbProperties.Red.getbyte?","L284","L177","D:\DataCollection\repos\wieslawsoltes_ColorPicker\src\ThemeEditor.Controls.ColorPicker\Props\RgbProperties.cs","29","9","29","38","0","0","0","0","0","0","0","0","0","0","0","1","1","1","0","0","0","0","0","0","0","0","1","1","0","0","0","0","0","0","0","0","0","0","0","0"
"L1124","set_Red","ThemeEditor.Controls.ColorPicker.Props.RgbProperties.Red.setvoid","L284","L177","D:\DataCollection\repos\wieslawsoltes_ColorPicker\src\ThemeEditor.Controls.ColorPicker\Props\RgbProperties.cs","30","9","30","45","0","0","0","0","0","0","0","0","0","0","0","1","1","1","0","0","0","0","0","1","0","0","1","1","0","0","0","0","0","0","0","0","0","0","0","0"
"L1126","get_Green","ThemeEditor.Controls.ColorPicker.Props.RgbProperties.Green.getbyte?","L284","L177","D:\DataCollection\repos\wieslawsoltes_ColorPicker\src\ThemeEditor.Controls.ColorPicker\Props\RgbProperties.cs","35","9","35","40","0","0","0","0","0","0","0","0","0","0","0","1","1","1","0","0","0","0","0","0","0","0","1","1","0","0","0","0","0","0","0","0","0","0","0","0"
"L1129","set_Green","ThemeEditor.Controls.ColorPicker.Props.RgbProperties.Green.setvoid","L284","L177","D:\DataCollection\repos\wieslawsoltes_ColorPicker\src\ThemeEditor.Controls.ColorPicker\Props\RgbProperties.cs","36","9","36","47","0","0","0","0","0","0","0","0","0","0","0","1","1","1","0","0","0","0","0","1","0","0","1","1","0","0","0","0","0","0","0","0","0","0","0","0"
"L1131","get_Blue","ThemeEditor.Controls.ColorPicker.Props.RgbProperties.Blue.getbyte?","L284","L177","D:\DataCollection\repos\wieslawsoltes_ColorPicker\src\ThemeEditor.Controls.ColorPicker\Props\RgbProperties.cs","41","9","41","39","0","0","0","0","0","0","0","0","0","0","0","1","1","1","0","0","0","0","0","0","0","0","1","1","0","0","0","0","0","0","0","0","0","0","0","0"
"L1134","set_Blue","ThemeEditor.Controls.ColorPicker.Props.RgbProperties.Blue.setvoid","L284","L177","D:\DataCollection\repos\wieslawsoltes_ColorPicker\src\ThemeEditor.Controls.ColorPicker\Props\RgbProperties.cs","42","9","42","46","0","0","0","0","0","0","0","0","0","0","0","1","1","1","0","0","0","0","0","1","0","0","1","1","0","0","0","0","0","0","0","0","0","0","0","0"
"L1113","UpdateColorPickerValues","ThemeEditor.Controls.ColorPicker.Props.RgbProperties.UpdateColorPickerValues()void","L284","L177","D:\DataCollection\repos\wieslawsoltes_ColorPicker\src\ThemeEditor.Controls.ColorPicker\Props\RgbProperties.cs","45","5","57","6","0","0","0","0","0","0","0","0","0","0","0","13","13","6","0","0","0","8","8","0","0","0","13","13","8","0","0","0","0","0","0","0","0","0","0","0"
"L1140","UpdatePropertyValues","ThemeEditor.Controls.ColorPicker.Props.RgbProperties.UpdatePropertyValues()void","L284","L177","D:\DataCollection\repos\wieslawsoltes_ColorPicker\src\ThemeEditor.Controls.ColorPicker\Props\RgbProperties.cs","59","5","71","6","0","0","0","0","0","0","0","0","0","0","0","13","13","6","0","0","0","8","8","0","0","0","13","13","8","0","0","0","0","0","0","0","0","0","0","0"
"L1149","CMYK_ToRGB","ThemeEditor.Controls.ColorPicker.Colors.UnitTests.CMYKTests.CMYK_ToRGB()void","L1148","L1141","D:\DataCollection\repos\wieslawsoltes_ColorPicker\tests\ThemeEditor.Controls.ColorPicker.UnitTests\CMYKTests.cs","7","5","15","6","0","0","0","0","0","0","0","0","0","0","0","9","9","1","0","0","0","4","5","0","0","0","9","9","5","0","0","0","0","0","0","0","0","0","0","0"
"L1150","CMYK_ToHSV","ThemeEditor.Controls.ColorPicker.Colors.UnitTests.CMYKTests.CMYK_ToHSV()void","L1148","L1141","D:\DataCollection\repos\wieslawsoltes_ColorPicker\tests\ThemeEditor.Controls.ColorPicker.UnitTests\CMYKTests.cs","17","5","25","6","0","0","0","0","0","0","0","0","0","0","0","9","9","1","0","0","0","4","5","0","0","0","9","9","5","0","0","0","0","0","0","0","0","0","0","0"
"L1152","HSV_ToRGB","ThemeEditor.Controls.ColorPicker.Colors.UnitTests.HSVTests.HSV_ToRGB()void","L1151","L1141","D:\DataCollection\repos\wieslawsoltes_ColorPicker\tests\ThemeEditor.Controls.ColorPicker.UnitTests\HSVTests.cs","7","5","15","6","0","0","0","0","0","0","0","0","0","0","0","9","9","1","0","0","0","4","5","0","0","0","9","9","5","0","0","0","0","0","0","0","0","0","0","0"
"L1153","HSV_ToCMYK","ThemeEditor.Controls.ColorPicker.Colors.UnitTests.HSVTests.HSV_ToCMYK()void","L1151","L1141","D:\DataCollection\repos\wieslawsoltes_ColorPicker\tests\ThemeEditor.Controls.ColorPicker.UnitTests\HSVTests.cs","17","5","26","6","0","0","0","0","0","0","0","0","0","0","0","10","10","1","0","0","0","5","6","0","0","0","10","10","6","0","0","0","0","0","0","0","0","0","0","0"
"L1155","RGB_ToHSV","ThemeEditor.Controls.ColorPicker.Colors.UnitTests.RGBTests.RGB_ToHSV()void","L1154","L1141","D:\DataCollection\repos\wieslawsoltes_ColorPicker\tests\ThemeEditor.Controls.ColorPicker.UnitTests\RGBTests.cs","7","5","15","6","0","0","0","0","0","0","0","0","0","0","0","9","9","1","0","0","0","4","5","0","0","0","9","9","5","0","0","0","0","0","0","0","0","0","0","0"
"L1156","RGB_ToCMYK","ThemeEditor.Controls.ColorPicker.Colors.UnitTests.RGBTests.RGB_ToCMYK()void","L1154","L1141","D:\DataCollection\repos\wieslawsoltes_ColorPicker\tests\ThemeEditor.Controls.ColorPicker.UnitTests\RGBTests.cs","17","5","26","6","0","0","0","0","0","0","0","0","0","0","0","10","10","1","0","0","0","5","6","0","0","0","10","10","6","0","0","0","0","0","0","0","0","0","0","0"
"L989","<>f__(void, [?])","ThemeEditor.Controls.ColorPicker.Props.AlphaProperties.AlphaProperties()void.<>f__(void, [?])","L282","L177","D:\DataCollection\repos\wieslawsoltes_ColorPicker\src\ThemeEditor.Controls.ColorPicker\Props\AlphaProperties.cs","16","84","16","114","0","0","0","0","0","0","0","0","0","0","0","0","0","0","0","0","0","0","0","0","0","0","0","0","0","0","0","0","0","0","0","0","0","0","0","0"
"L1008","<>f__(void, [?])","ThemeEditor.Controls.ColorPicker.Props.CmykProperties.CmykProperties()void.<>f__(void, [?])","L297","L177","D:\DataCollection\repos\wieslawsoltes_ColorPicker\src\ThemeEditor.Controls.ColorPicker\Props\CmykProperties.cs","25","83","25","113","0","0","0","0","0","0","0","0","0","0","0","0","0","0","0","0","0","0","0","0","0","0","0","0","0","0","0","0","0","0","0","0","0","0","0","0"
"L1013","<>f__(void, [?])","ThemeEditor.Controls.ColorPicker.Props.CmykProperties.CmykProperties()void.<>f__(void, [?])","L297","L177","D:\DataCollection\repos\wieslawsoltes_ColorPicker\src\ThemeEditor.Controls.ColorPicker\Props\CmykProperties.cs","26","86","26","116","0","0","0","0","0","0","0","0","0","0","0","0","0","0","0","0","0","0","0","0","0","0","0","0","0","0","0","0","0","0","0","0","0","0","0","0"
"L1016","<>f__(void, [?])","ThemeEditor.Controls.ColorPicker.Props.CmykProperties.CmykProperties()void.<>f__(void, [?])","L297","L177","D:\DataCollection\repos\wieslawsoltes_ColorPicker\src\ThemeEditor.Controls.ColorPicker\Props\CmykProperties.cs","27","85","27","115","0","0","0","0","0","0","0","0","0","0","0","0","0","0","0","0","0","0","0","0","0","0","0","0","0","0","0","0","0","0","0","0","0","0","0","0"
"L1019","<>f__(void, [?])","ThemeEditor.Controls.ColorPicker.Props.CmykProperties.CmykProperties()void.<>f__(void, [?])","L297","L177","D:\DataCollection\repos\wieslawsoltes_ColorPicker\src\ThemeEditor.Controls.ColorPicker\Props\CmykProperties.cs","28","87","28","117","0","0","0","0","0","0","0","0","0","0","0","0","0","0","0","0","0","0","0","0","0","0","0","0","0","0","0","0","0","0","0","0","0","0","0","0"
"L1054","<>f__(void, [?])","ThemeEditor.Controls.ColorPicker.Props.HexProperties.HexProperties()void.<>f__(void, [?])","L277","L177","D:\DataCollection\repos\wieslawsoltes_ColorPicker\src\ThemeEditor.Controls.ColorPicker\Props\HexProperties.cs","17","82","17","112","0","0","0","0","0","0","0","0","0","0","0","0","0","0","0","0","0","0","0","0","0","0","0","0","0","0","0","0","0","0","0","0","0","0","0","0"
"L1070","<>f__(void, [?])","ThemeEditor.Controls.ColorPicker.Props.HsvProperties.HsvProperties()void.<>f__(void, [?])","L292","L177","D:\DataCollection\repos\wieslawsoltes_ColorPicker\src\ThemeEditor.Controls.ColorPicker\Props\HsvProperties.cs","21","82","21","112","0","0","0","0","0","0","0","0","0","0","0","0","0","0","0","0","0","0","0","0","0","0","0","0","0","0","0","0","0","0","0","0","0","0","0","0"
"L1075","<>f__(void, [?])","ThemeEditor.Controls.ColorPicker.Props.HsvProperties.HsvProperties()void.<>f__(void, [?])","L292","L177","D:\DataCollection\repos\wieslawsoltes_ColorPicker\src\ThemeEditor.Controls.ColorPicker\Props\HsvProperties.cs","22","89","22","119","0","0","0","0","0","0","0","0","0","0","0","0","0","0","0","0","0","0","0","0","0","0","0","0","0","0","0","0","0","0","0","0","0","0","0","0"
"L1078","<>f__(void, [?])","ThemeEditor.Controls.ColorPicker.Props.HsvProperties.HsvProperties()void.<>f__(void, [?])","L292","L177","D:\DataCollection\repos\wieslawsoltes_ColorPicker\src\ThemeEditor.Controls.ColorPicker\Props\HsvProperties.cs","23","84","23","114","0","0","0","0","0","0","0","0","0","0","0","0","0","0","0","0","0","0","0","0","0","0","0","0","0","0","0","0","0","0","0","0","0","0","0","0"
"L1111","<>f__(void, [?])","ThemeEditor.Controls.ColorPicker.Props.RgbProperties.RgbProperties()void.<>f__(void, [?])","L287","L177","D:\DataCollection\repos\wieslawsoltes_ColorPicker\src\ThemeEditor.Controls.ColorPicker\Props\RgbProperties.cs","22","80","22","110","0","0","0","0","0","0","0","0","0","0","0","0","0","0","0","0","0","0","0","0","0","0","0","0","0","0","0","0","0","0","0","0","0","0","0","0"
"L1116","<>f__(void, [?])","ThemeEditor.Controls.ColorPicker.Props.RgbProperties.RgbProperties()void.<>f__(void, [?])","L287","L177","D:\DataCollection\repos\wieslawsoltes_ColorPicker\src\ThemeEditor.Controls.ColorPicker\Props\RgbProperties.cs","23","82","23","112","0","0","0","0","0","0","0","0","0","0","0","0","0","0","0","0","0","0","0","0","0","0","0","0","0","0","0","0","0","0","0","0","0","0","0","0"
"L1119","<>f__(void, [?])","ThemeEditor.Controls.ColorPicker.Props.RgbProperties.RgbProperties()void.<>f__(void, [?])","L287","L177","D:\DataCollection\repos\wieslawsoltes_ColorPicker\src\ThemeEditor.Controls.ColorPicker\Props\RgbProperties.cs","24","81","24","111","0","0","0","0","0","0","0","0","0","0","0","0","0","0","0","0","0","0","0","0","0","0","0","0","0","0","0","0","0","0","0","0","0","0","0","0"
